strain	virus	gene	host	accession	date	location	region	country	database	authors	url	title	journal	paper_url	previous_study
camel_Riyadh_Ry141_2015_NC_028752_2015-03-XX	?	spike	?	NC_028752	2015-03-XX	Saudi Arabia	Asia	Saudi Arabia	BioProject: PRJNA485481	Sabir et al	https://www.ncbi.nlm.nih.gov/nuccore/NC_028752	Co-circulation of three camel coronavirus species and recombination	Science 351 (6268), 81-84 (2016)	https://pubmed.ncbi.nlm.nih.gov/26678874	no
NC_002645_2021-08-17	?	spike	Human	NC_002645	2021-08-17	?	?	?	BioProject: PRJNA485481	Ziebuhr et al	https://www.ncbi.nlm.nih.gov/nuccore/NC_002645	The autocatalytic release of a putative RNA virus transcription	J. Biol. Chem. 276 (35), 33220-33232 (2001)	https://pubmed.ncbi.nlm.nih.gov/11431476	no
hCoV-229E_Russia_SPE-RII-MH183861S_2024_PQ963848_2024-04-15	?	spike	Human	PQ963848	2024-04-15	Russia: Saint Petersburg	Europe	Russia	?	Musaeva et al	https://www.ncbi.nlm.nih.gov/nuccore/PQ963848	Direct Submission	Submitted (21-JAN-2025) Laboratory of molecular virology,	?	no
hCoV-229E_Russia_KDA-RII-MH204625S_2024_PQ963852_2024-07-17	?	spike	Human	PQ963852	2024-07-17	Russia: Krasnodar	Europe	Russia	?	Musaeva et al	https://www.ncbi.nlm.nih.gov/nuccore/PQ963852	Direct Submission	Submitted (21-JAN-2025) Laboratory of molecular virology,	?	no
hCoV-229E_Russia_SPE-RII-25806S_2021_PQ616078_2021-02-09	?	spike	Human	PQ616078	2021-02-09	Russia: Saint Petersburg	Europe	Russia	?	Musaeva et al	https://www.ncbi.nlm.nih.gov/nuccore/PQ616078	Human coronaviruses genetic diversity	Unpublished	?	no
hCoV-229E_Russia_SPE-RII-2076S_2019_PQ616083_2019-02-12	?	spike	Human	PQ616083	2019-02-12	Russia: Saint Petersburg	Europe	Russia	?	Musaeva et al	https://www.ncbi.nlm.nih.gov/nuccore/PQ616083	Human coronaviruses genetic diversity	Unpublished	?	no
hCoV-229E_Russia_SPE-RII-634S_2019_PQ616086_2019-01-10	?	spike	Human	PQ616086	2019-01-10	Russia: Saint Petersburg	Europe	Russia	?	Musaeva et al	https://www.ncbi.nlm.nih.gov/nuccore/PQ616086	Human coronaviruses genetic diversity	Unpublished	?	no
hCoV-229E_Russia_SPE-RII-956S_2019_PQ616087_2019-01-24	?	spike	Human	PQ616087	2019-01-24	Russia: Saint Petersburg	Europe	Russia	?	Musaeva et al	https://www.ncbi.nlm.nih.gov/nuccore/PQ616087	Human coronaviruses genetic diversity	Unpublished	?	no
hCoV-229E_Russia_SPE-RII-1631S_2019_PQ616089_2019-02-04	?	spike	Human	PQ616089	2019-02-04	Russia: Saint Petersburg	Europe	Russia	?	Musaeva et al	https://www.ncbi.nlm.nih.gov/nuccore/PQ616089	Human coronaviruses genetic diversity	Unpublished	?	no
hCoV-229E_Russia_SPE-RII-3126S_2019_PQ616091_2019-03-04	?	spike	Human	PQ616091	2019-03-04	Russia: Saint Petersburg	Europe	Russia	?	Musaeva et al	https://www.ncbi.nlm.nih.gov/nuccore/PQ616091	Human coronaviruses genetic diversity	Unpublished	?	no
hCoV-229E_Russia_SPE-RII-3132S_2019_PQ616092_2019-03-05	?	spike	Human	PQ616092	2019-03-05	Russia: Saint Petersburg	Europe	Russia	?	Musaeva et al	https://www.ncbi.nlm.nih.gov/nuccore/PQ616092	Human coronaviruses genetic diversity	Unpublished	?	no
hCoV-229E_Russia_SPE-RII-3263S_2019_PQ616093_2019-03-06	?	spike	Human	PQ616093	2019-03-06	Russia: Saint Petersburg	Europe	Russia	?	Musaeva et al	https://www.ncbi.nlm.nih.gov/nuccore/PQ616093	Human coronaviruses genetic diversity	Unpublished	?	no
hCoV-229E_Russia_SPE-RII-4307S_2019_PQ616094_2019-04-16	?	spike	Human	PQ616094	2019-04-16	Russia: Saint Petersburg	Europe	Russia	?	Musaeva et al	https://www.ncbi.nlm.nih.gov/nuccore/PQ616094	Human coronaviruses genetic diversity	Unpublished	?	no
hCoV-229E_Russia_SPE-RII-11131S_2024_PQ616096_2024-03-17	?	spike	Human	PQ616096	2024-03-17	Russia: Saint Petersburg	Europe	Russia	?	Musaeva et al	https://www.ncbi.nlm.nih.gov/nuccore/PQ616096	Human coronaviruses genetic diversity	Unpublished	?	no
hCoV-229E_Russia_SPE-RII-12721S_2023_PQ616097_2023-02-22	?	spike	Human	PQ616097	2023-02-22	Russia: Saint Petersburg	Europe	Russia	?	Musaeva et al	https://www.ncbi.nlm.nih.gov/nuccore/PQ616097	Human coronaviruses genetic diversity	Unpublished	?	no
hCoV-229E_Russia_SPE-RII-13431S_2022_PQ616098_2022-02-02	?	spike	Human	PQ616098	2022-02-02	Russia: Saint Petersburg	Europe	Russia	?	Musaeva et al	https://www.ncbi.nlm.nih.gov/nuccore/PQ616098	Human coronaviruses genetic diversity	Unpublished	?	no
hCoV-229E_Russia_SPE-RII-14277S_2023_PQ616099_2023-03-14	?	spike	Human	PQ616099	2023-03-14	Russia: Saint Petersburg	Europe	Russia	?	Musaeva et al	https://www.ncbi.nlm.nih.gov/nuccore/PQ616099	Human coronaviruses genetic diversity	Unpublished	?	no
hCoV-229E_Russia_SPE-RII-20862S_2022_PQ616101_2022-04-26	?	spike	Human	PQ616101	2022-04-26	Russia: Saint Petersburg	Europe	Russia	?	Musaeva et al	https://www.ncbi.nlm.nih.gov/nuccore/PQ616101	Human coronaviruses genetic diversity	Unpublished	?	no
hCoV-229E_Russia_SPE-RII-26591S_2021_PQ616102_2021-02-16	?	spike	Human	PQ616102	2021-02-16	Russia: Saint Petersburg	Europe	Russia	?	Musaeva et al	https://www.ncbi.nlm.nih.gov/nuccore/PQ616102	Human coronaviruses genetic diversity	Unpublished	?	no
hCoV-229E_Russia_SPE-RII-29110S_2021_PQ616104_2021-03-12	?	spike	Human	PQ616104	2021-03-12	Russia: Saint Petersburg	Europe	Russia	?	Musaeva et al	https://www.ncbi.nlm.nih.gov/nuccore/PQ616104	Human coronaviruses genetic diversity	Unpublished	?	no
hCoV-229E_Russia_SPE-RII-29469S_2021_PQ616105_2021-03-16	?	spike	Human	PQ616105	2021-03-16	Russia: Saint Petersburg	Europe	Russia	?	Musaeva et al	https://www.ncbi.nlm.nih.gov/nuccore/PQ616105	Human coronaviruses genetic diversity	Unpublished	?	no
hCoV-229E_Russia_SPE-RII-29800S_2021_PQ616106_2021-03-18	?	spike	Human	PQ616106	2021-03-18	Russia: Saint Petersburg	Europe	Russia	?	Musaeva et al	https://www.ncbi.nlm.nih.gov/nuccore/PQ616106	Human coronaviruses genetic diversity	Unpublished	?	no
hCoV-229E_Russia_SPE-RII-30175S_2021_PQ616107_2021-03-23	?	spike	Human	PQ616107	2021-03-23	Russia: Saint Petersburg	Europe	Russia	?	Musaeva et al	https://www.ncbi.nlm.nih.gov/nuccore/PQ616107	Human coronaviruses genetic diversity	Unpublished	?	no
hCoV-229E_Russia_SPE-RII-30347S_2021_PQ616108_2021-03-24	?	spike	Human	PQ616108	2021-03-24	Russia: Saint Petersburg	Europe	Russia	?	Musaeva et al	https://www.ncbi.nlm.nih.gov/nuccore/PQ616108	Human coronaviruses genetic diversity	Unpublished	?	no
hCoV-229E_Russia_SPE-RII-30556S_2021_PQ616109_2021-03-27	?	spike	Human	PQ616109	2021-03-27	Russia: Saint Petersburg	Europe	Russia	?	Musaeva et al	https://www.ncbi.nlm.nih.gov/nuccore/PQ616109	Human coronaviruses genetic diversity	Unpublished	?	no
hCoV-229E_Russia_SPE-RII-30781S_2021_PQ616110_2021-03-31	?	spike	Human	PQ616110	2021-03-31	Russia: Saint Petersburg	Europe	Russia	?	Musaeva et al	https://www.ncbi.nlm.nih.gov/nuccore/PQ616110	Human coronaviruses genetic diversity	Unpublished	?	no
hCoV-229E_Russia_SPE-RII-31552S_2021_PQ616111_2021-04-07	?	spike	Human	PQ616111	2021-04-07	Russia: Saint Petersburg	Europe	Russia	?	Musaeva et al	https://www.ncbi.nlm.nih.gov/nuccore/PQ616111	Human coronaviruses genetic diversity	Unpublished	?	no
UKN16_229E_2_PQ466789_2016-04-05	?	spike	Human	PQ466789	2016-04-05	United Kingdom	Europe	United Kingdom	?	McClure et al	https://www.ncbi.nlm.nih.gov/nuccore/PQ466789	Vivaldi- An amplicon-based whole genome sequencing method for the	Unpublished	?	no
UKN16_229E_3_PQ466790_2016-04-25	?	spike	Human	PQ466790	2016-04-25	United Kingdom	Europe	United Kingdom	?	McClure et al	https://www.ncbi.nlm.nih.gov/nuccore/PQ466790	Vivaldi- An amplicon-based whole genome sequencing method for the	Unpublished	?	no
UKN16_229E_4_PQ466791_2016-10-19	?	spike	Human	PQ466791	2016-10-19	United Kingdom	Europe	United Kingdom	?	McClure et al	https://www.ncbi.nlm.nih.gov/nuccore/PQ466791	Vivaldi- An amplicon-based whole genome sequencing method for the	Unpublished	?	no
UKN16_229E_5_PQ466792_2016-12-05	?	spike	Human	PQ466792	2016-12-05	United Kingdom	Europe	United Kingdom	?	McClure et al	https://www.ncbi.nlm.nih.gov/nuccore/PQ466792	Vivaldi- An amplicon-based whole genome sequencing method for the	Unpublished	?	no
UKN16_229E_6_PQ466793_2016-12-15	?	spike	Human	PQ466793	2016-12-15	United Kingdom	Europe	United Kingdom	?	McClure et al	https://www.ncbi.nlm.nih.gov/nuccore/PQ466793	Vivaldi- An amplicon-based whole genome sequencing method for the	Unpublished	?	no
UKN16_229E_7_PQ466794_2016-12-17	?	spike	Human	PQ466794	2016-12-17	United Kingdom	Europe	United Kingdom	?	McClure et al	https://www.ncbi.nlm.nih.gov/nuccore/PQ466794	Vivaldi- An amplicon-based whole genome sequencing method for the	Unpublished	?	no
UKN17_229E_1_PQ466795_2017-01-03	?	spike	Human	PQ466795	2017-01-03	United Kingdom	Europe	United Kingdom	?	McClure et al	https://www.ncbi.nlm.nih.gov/nuccore/PQ466795	Vivaldi- An amplicon-based whole genome sequencing method for the	Unpublished	?	no
UKN17_229E_2_PQ466796_2017-01-05	?	spike	Human	PQ466796	2017-01-05	United Kingdom	Europe	United Kingdom	?	McClure et al	https://www.ncbi.nlm.nih.gov/nuccore/PQ466796	Vivaldi- An amplicon-based whole genome sequencing method for the	Unpublished	?	no
UKN17_229E_3_PQ466797_2017-01-05	?	spike	Human	PQ466797	2017-01-05	United Kingdom	Europe	United Kingdom	?	McClure et al	https://www.ncbi.nlm.nih.gov/nuccore/PQ466797	Vivaldi- An amplicon-based whole genome sequencing method for the	Unpublished	?	no
UKN17_229E_4_PQ466798_2017-01-05	?	spike	Human	PQ466798	2017-01-05	United Kingdom	Europe	United Kingdom	?	McClure et al	https://www.ncbi.nlm.nih.gov/nuccore/PQ466798	Vivaldi- An amplicon-based whole genome sequencing method for the	Unpublished	?	no
UKN17_229E_5_PQ466799_2017-01-08	?	spike	Human	PQ466799	2017-01-08	United Kingdom	Europe	United Kingdom	?	McClure et al	https://www.ncbi.nlm.nih.gov/nuccore/PQ466799	Vivaldi- An amplicon-based whole genome sequencing method for the	Unpublished	?	no
UKN17_229E_6_PQ466800_2017-01-11	?	spike	Human	PQ466800	2017-01-11	United Kingdom	Europe	United Kingdom	?	McClure et al	https://www.ncbi.nlm.nih.gov/nuccore/PQ466800	Vivaldi- An amplicon-based whole genome sequencing method for the	Unpublished	?	no
UKN17_229E_7_PQ466801_2017-01-13	?	spike	Human	PQ466801	2017-01-13	United Kingdom	Europe	United Kingdom	?	McClure et al	https://www.ncbi.nlm.nih.gov/nuccore/PQ466801	Vivaldi- An amplicon-based whole genome sequencing method for the	Unpublished	?	no
UKN17_229E_8_PQ466802_2017-01-22	?	spike	Human	PQ466802	2017-01-22	United Kingdom	Europe	United Kingdom	?	McClure et al	https://www.ncbi.nlm.nih.gov/nuccore/PQ466802	Vivaldi- An amplicon-based whole genome sequencing method for the	Unpublished	?	no
UKN17_229E_9_PQ466803_2017-01-24	?	spike	Human	PQ466803	2017-01-24	United Kingdom	Europe	United Kingdom	?	McClure et al	https://www.ncbi.nlm.nih.gov/nuccore/PQ466803	Vivaldi- An amplicon-based whole genome sequencing method for the	Unpublished	?	no
UKN17_229E_10_PQ466804_2017-01-24	?	spike	Human	PQ466804	2017-01-24	United Kingdom	Europe	United Kingdom	?	McClure et al	https://www.ncbi.nlm.nih.gov/nuccore/PQ466804	Vivaldi- An amplicon-based whole genome sequencing method for the	Unpublished	?	no
UKN17_229E_11_PQ466805_2017-01-25	?	spike	Human	PQ466805	2017-01-25	United Kingdom	Europe	United Kingdom	?	McClure et al	https://www.ncbi.nlm.nih.gov/nuccore/PQ466805	Vivaldi- An amplicon-based whole genome sequencing method for the	Unpublished	?	no
UKN17_229E_12_PQ466806_2017-01-25	?	spike	Human	PQ466806	2017-01-25	United Kingdom	Europe	United Kingdom	?	McClure et al	https://www.ncbi.nlm.nih.gov/nuccore/PQ466806	Vivaldi- An amplicon-based whole genome sequencing method for the	Unpublished	?	no
UKN17_229E_13_PQ466807_2017-01-29	?	spike	Human	PQ466807	2017-01-29	United Kingdom	Europe	United Kingdom	?	McClure et al	https://www.ncbi.nlm.nih.gov/nuccore/PQ466807	Vivaldi- An amplicon-based whole genome sequencing method for the	Unpublished	?	no
UKN17_229E_14_PQ466808_2017-01-29	?	spike	Human	PQ466808	2017-01-29	United Kingdom	Europe	United Kingdom	?	McClure et al	https://www.ncbi.nlm.nih.gov/nuccore/PQ466808	Vivaldi- An amplicon-based whole genome sequencing method for the	Unpublished	?	no
UKN17_229E_16_PQ466810_2017-01-30	?	spike	Human	PQ466810	2017-01-30	United Kingdom	Europe	United Kingdom	?	McClure et al	https://www.ncbi.nlm.nih.gov/nuccore/PQ466810	Vivaldi- An amplicon-based whole genome sequencing method for the	Unpublished	?	no
UKN17_229E_17_PQ466811_2017-01-30	?	spike	Human	PQ466811	2017-01-30	United Kingdom	Europe	United Kingdom	?	McClure et al	https://www.ncbi.nlm.nih.gov/nuccore/PQ466811	Vivaldi- An amplicon-based whole genome sequencing method for the	Unpublished	?	no
UKN17_229E_18_PQ466812_2017-01-30	?	spike	Human	PQ466812	2017-01-30	United Kingdom	Europe	United Kingdom	?	McClure et al	https://www.ncbi.nlm.nih.gov/nuccore/PQ466812	Vivaldi- An amplicon-based whole genome sequencing method for the	Unpublished	?	no
UKN17_229E_19_PQ466813_2017-01-31	?	spike	Human	PQ466813	2017-01-31	United Kingdom	Europe	United Kingdom	?	McClure et al	https://www.ncbi.nlm.nih.gov/nuccore/PQ466813	Vivaldi- An amplicon-based whole genome sequencing method for the	Unpublished	?	no
UKN17_229E_20_PQ466814_2017-01-31	?	spike	Human	PQ466814	2017-01-31	United Kingdom	Europe	United Kingdom	?	McClure et al	https://www.ncbi.nlm.nih.gov/nuccore/PQ466814	Vivaldi- An amplicon-based whole genome sequencing method for the	Unpublished	?	no
UKN17_229E_21_PQ466815_2017-02-01	?	spike	Human	PQ466815	2017-02-01	United Kingdom	Europe	United Kingdom	?	McClure et al	https://www.ncbi.nlm.nih.gov/nuccore/PQ466815	Vivaldi- An amplicon-based whole genome sequencing method for the	Unpublished	?	no
UKN17_229E_22_PQ466816_2017-02-05	?	spike	Human	PQ466816	2017-02-05	United Kingdom	Europe	United Kingdom	?	McClure et al	https://www.ncbi.nlm.nih.gov/nuccore/PQ466816	Vivaldi- An amplicon-based whole genome sequencing method for the	Unpublished	?	no
UKN17_229E_23_PQ466817_2017-02-07	?	spike	Human	PQ466817	2017-02-07	United Kingdom	Europe	United Kingdom	?	McClure et al	https://www.ncbi.nlm.nih.gov/nuccore/PQ466817	Vivaldi- An amplicon-based whole genome sequencing method for the	Unpublished	?	no
UKN17_229E_24_PQ466818_2017-02-08	?	spike	Human	PQ466818	2017-02-08	United Kingdom	Europe	United Kingdom	?	McClure et al	https://www.ncbi.nlm.nih.gov/nuccore/PQ466818	Vivaldi- An amplicon-based whole genome sequencing method for the	Unpublished	?	no
UKN17_229E_25_PQ466819_2017-02-10	?	spike	Human	PQ466819	2017-02-10	United Kingdom	Europe	United Kingdom	?	McClure et al	https://www.ncbi.nlm.nih.gov/nuccore/PQ466819	Vivaldi- An amplicon-based whole genome sequencing method for the	Unpublished	?	no
UKN17_229E_26_PQ466820_2017-02-10	?	spike	Human	PQ466820	2017-02-10	United Kingdom	Europe	United Kingdom	?	McClure et al	https://www.ncbi.nlm.nih.gov/nuccore/PQ466820	Vivaldi- An amplicon-based whole genome sequencing method for the	Unpublished	?	no
UKN17_229E_27_PQ466821_2017-02-12	?	spike	Human	PQ466821	2017-02-12	United Kingdom	Europe	United Kingdom	?	McClure et al	https://www.ncbi.nlm.nih.gov/nuccore/PQ466821	Vivaldi- An amplicon-based whole genome sequencing method for the	Unpublished	?	no
UKN17_229E_28_PQ466822_2017-02-11	?	spike	Human	PQ466822	2017-02-11	United Kingdom	Europe	United Kingdom	?	McClure et al	https://www.ncbi.nlm.nih.gov/nuccore/PQ466822	Vivaldi- An amplicon-based whole genome sequencing method for the	Unpublished	?	no
UKN17_229E_29_PQ466823_2017-02-13	?	spike	Human	PQ466823	2017-02-13	United Kingdom	Europe	United Kingdom	?	McClure et al	https://www.ncbi.nlm.nih.gov/nuccore/PQ466823	Vivaldi- An amplicon-based whole genome sequencing method for the	Unpublished	?	no
UKN17_229E_30_PQ466824_2017-02-14	?	spike	Human	PQ466824	2017-02-14	United Kingdom	Europe	United Kingdom	?	McClure et al	https://www.ncbi.nlm.nih.gov/nuccore/PQ466824	Vivaldi- An amplicon-based whole genome sequencing method for the	Unpublished	?	no
UKN17_229E_31_PQ466825_2017-02-15	?	spike	Human	PQ466825	2017-02-15	United Kingdom	Europe	United Kingdom	?	McClure et al	https://www.ncbi.nlm.nih.gov/nuccore/PQ466825	Vivaldi- An amplicon-based whole genome sequencing method for the	Unpublished	?	no
UKN17_229E_32_PQ466826_2017-02-15	?	spike	Human	PQ466826	2017-02-15	United Kingdom	Europe	United Kingdom	?	McClure et al	https://www.ncbi.nlm.nih.gov/nuccore/PQ466826	Vivaldi- An amplicon-based whole genome sequencing method for the	Unpublished	?	no
UKN17_229E_33_PQ466827_2017-02-16	?	spike	Human	PQ466827	2017-02-16	United Kingdom	Europe	United Kingdom	?	McClure et al	https://www.ncbi.nlm.nih.gov/nuccore/PQ466827	Vivaldi- An amplicon-based whole genome sequencing method for the	Unpublished	?	no
UKN17_229E_34_PQ466828_2017-02-19	?	spike	Human	PQ466828	2017-02-19	United Kingdom	Europe	United Kingdom	?	McClure et al	https://www.ncbi.nlm.nih.gov/nuccore/PQ466828	Vivaldi- An amplicon-based whole genome sequencing method for the	Unpublished	?	no
UKN17_229E_35_PQ466829_2017-02-17	?	spike	Human	PQ466829	2017-02-17	United Kingdom	Europe	United Kingdom	?	McClure et al	https://www.ncbi.nlm.nih.gov/nuccore/PQ466829	Vivaldi- An amplicon-based whole genome sequencing method for the	Unpublished	?	no
UKN17_229E_36_PQ466830_2017-02-23	?	spike	Human	PQ466830	2017-02-23	United Kingdom	Europe	United Kingdom	?	McClure et al	https://www.ncbi.nlm.nih.gov/nuccore/PQ466830	Vivaldi- An amplicon-based whole genome sequencing method for the	Unpublished	?	no
UKN17_229E_37_PQ466831_2017-02-24	?	spike	Human	PQ466831	2017-02-24	United Kingdom	Europe	United Kingdom	?	McClure et al	https://www.ncbi.nlm.nih.gov/nuccore/PQ466831	Vivaldi- An amplicon-based whole genome sequencing method for the	Unpublished	?	no
UKN17_229E_38_PQ466832_2017-02-24	?	spike	Human	PQ466832	2017-02-24	United Kingdom	Europe	United Kingdom	?	McClure et al	https://www.ncbi.nlm.nih.gov/nuccore/PQ466832	Vivaldi- An amplicon-based whole genome sequencing method for the	Unpublished	?	no
UKN17_229E_39_PQ466833_2017-02-28	?	spike	Human	PQ466833	2017-02-28	United Kingdom	Europe	United Kingdom	?	McClure et al	https://www.ncbi.nlm.nih.gov/nuccore/PQ466833	Vivaldi- An amplicon-based whole genome sequencing method for the	Unpublished	?	no
UKN17_229E_40_PQ466834_2017-03-06	?	spike	Human	PQ466834	2017-03-06	United Kingdom	Europe	United Kingdom	?	McClure et al	https://www.ncbi.nlm.nih.gov/nuccore/PQ466834	Vivaldi- An amplicon-based whole genome sequencing method for the	Unpublished	?	no
UKN17_229E_41_PQ466835_2017-03-15	?	spike	Human	PQ466835	2017-03-15	United Kingdom	Europe	United Kingdom	?	McClure et al	https://www.ncbi.nlm.nih.gov/nuccore/PQ466835	Vivaldi- An amplicon-based whole genome sequencing method for the	Unpublished	?	no
UKN17_229E_42_PQ466836_2017-03-17	?	spike	Human	PQ466836	2017-03-17	United Kingdom	Europe	United Kingdom	?	McClure et al	https://www.ncbi.nlm.nih.gov/nuccore/PQ466836	Vivaldi- An amplicon-based whole genome sequencing method for the	Unpublished	?	no
UKN17_229E_43_PQ466837_2017-04-03	?	spike	Human	PQ466837	2017-04-03	United Kingdom	Europe	United Kingdom	?	McClure et al	https://www.ncbi.nlm.nih.gov/nuccore/PQ466837	Vivaldi- An amplicon-based whole genome sequencing method for the	Unpublished	?	no
UKN17_229E_44_PQ466838_2017-05-13	?	spike	Human	PQ466838	2017-05-13	United Kingdom	Europe	United Kingdom	?	McClure et al	https://www.ncbi.nlm.nih.gov/nuccore/PQ466838	Vivaldi- An amplicon-based whole genome sequencing method for the	Unpublished	?	no
UKN18_229E_1_PQ466839_2018-02-22	?	spike	Human	PQ466839	2018-02-22	United Kingdom	Europe	United Kingdom	?	McClure et al	https://www.ncbi.nlm.nih.gov/nuccore/PQ466839	Vivaldi- An amplicon-based whole genome sequencing method for the	Unpublished	?	no
UKN18_229E_2_PQ466840_2018-03-08	?	spike	Human	PQ466840	2018-03-08	United Kingdom	Europe	United Kingdom	?	McClure et al	https://www.ncbi.nlm.nih.gov/nuccore/PQ466840	Vivaldi- An amplicon-based whole genome sequencing method for the	Unpublished	?	no
UKN18_229E_3_PQ466841_2018-03-24	?	spike	Human	PQ466841	2018-03-24	United Kingdom	Europe	United Kingdom	?	McClure et al	https://www.ncbi.nlm.nih.gov/nuccore/PQ466841	Vivaldi- An amplicon-based whole genome sequencing method for the	Unpublished	?	no
UKN18_229E_4_PQ466842_2018-06-19	?	spike	Human	PQ466842	2018-06-19	United Kingdom	Europe	United Kingdom	?	McClure et al	https://www.ncbi.nlm.nih.gov/nuccore/PQ466842	Vivaldi- An amplicon-based whole genome sequencing method for the	Unpublished	?	no
UKN18_229E_5_PQ466843_2018-07-19	?	spike	Human	PQ466843	2018-07-19	United Kingdom	Europe	United Kingdom	?	McClure et al	https://www.ncbi.nlm.nih.gov/nuccore/PQ466843	Vivaldi- An amplicon-based whole genome sequencing method for the	Unpublished	?	no
UKN18_229E_6_PQ466844_2018-12-14	?	spike	Human	PQ466844	2018-12-14	United Kingdom	Europe	United Kingdom	?	McClure et al	https://www.ncbi.nlm.nih.gov/nuccore/PQ466844	Vivaldi- An amplicon-based whole genome sequencing method for the	Unpublished	?	no
UKN18_229E_7_PQ466845_2018-12-18	?	spike	Human	PQ466845	2018-12-18	United Kingdom	Europe	United Kingdom	?	McClure et al	https://www.ncbi.nlm.nih.gov/nuccore/PQ466845	Vivaldi- An amplicon-based whole genome sequencing method for the	Unpublished	?	no
UKN18_229E_8_PQ466846_2018-12-18	?	spike	Human	PQ466846	2018-12-18	United Kingdom	Europe	United Kingdom	?	McClure et al	https://www.ncbi.nlm.nih.gov/nuccore/PQ466846	Vivaldi- An amplicon-based whole genome sequencing method for the	Unpublished	?	no
UKN18_229E_9_PQ466847_2018-12-26	?	spike	Human	PQ466847	2018-12-26	United Kingdom	Europe	United Kingdom	?	McClure et al	https://www.ncbi.nlm.nih.gov/nuccore/PQ466847	Vivaldi- An amplicon-based whole genome sequencing method for the	Unpublished	?	no
UKN18_229E_10_PQ466848_2018-12-27	?	spike	Human	PQ466848	2018-12-27	United Kingdom	Europe	United Kingdom	?	McClure et al	https://www.ncbi.nlm.nih.gov/nuccore/PQ466848	Vivaldi- An amplicon-based whole genome sequencing method for the	Unpublished	?	no
UKN22_229E_1_PQ466850_2022-02-21	?	spike	Human	PQ466850	2022-02-21	United Kingdom	Europe	United Kingdom	?	McClure et al	https://www.ncbi.nlm.nih.gov/nuccore/PQ466850	Vivaldi- An amplicon-based whole genome sequencing method for the	Unpublished	?	no
UKN22_229E_2_PQ466851_2022-03-27	?	spike	Human	PQ466851	2022-03-27	United Kingdom	Europe	United Kingdom	?	McClure et al	https://www.ncbi.nlm.nih.gov/nuccore/PQ466851	Vivaldi- An amplicon-based whole genome sequencing method for the	Unpublished	?	no
UKN22_229E_3_PQ466852_2022-04-08	?	spike	Human	PQ466852	2022-04-08	United Kingdom	Europe	United Kingdom	?	McClure et al	https://www.ncbi.nlm.nih.gov/nuccore/PQ466852	Vivaldi- An amplicon-based whole genome sequencing method for the	Unpublished	?	no
UKN22_229E_4_PQ466853_2022-04-22	?	spike	Human	PQ466853	2022-04-22	United Kingdom	Europe	United Kingdom	?	McClure et al	https://www.ncbi.nlm.nih.gov/nuccore/PQ466853	Vivaldi- An amplicon-based whole genome sequencing method for the	Unpublished	?	no
UKN22_229E_5_PQ466854_2022-05-05	?	spike	Human	PQ466854	2022-05-05	United Kingdom	Europe	United Kingdom	?	McClure et al	https://www.ncbi.nlm.nih.gov/nuccore/PQ466854	Vivaldi- An amplicon-based whole genome sequencing method for the	Unpublished	?	no
UKN23_229E_1_PQ466855_2023-02-08	?	spike	Human	PQ466855	2023-02-08	United Kingdom	Europe	United Kingdom	?	McClure et al	https://www.ncbi.nlm.nih.gov/nuccore/PQ466855	Vivaldi- An amplicon-based whole genome sequencing method for the	Unpublished	?	no
UKN23_229E_2_PQ466856_2023-03-05	?	spike	Human	PQ466856	2023-03-05	United Kingdom	Europe	United Kingdom	?	McClure et al	https://www.ncbi.nlm.nih.gov/nuccore/PQ466856	Vivaldi- An amplicon-based whole genome sequencing method for the	Unpublished	?	no
UKN23_229E_3_PQ466857_2023-03-10	?	spike	Human	PQ466857	2023-03-10	United Kingdom	Europe	United Kingdom	?	McClure et al	https://www.ncbi.nlm.nih.gov/nuccore/PQ466857	Vivaldi- An amplicon-based whole genome sequencing method for the	Unpublished	?	no
inf-1_PQ449607_2016-03-31	?	spike	Human	PQ449607	2016-03-31	United Kingdom	Europe	United Kingdom	?	McClure et al	https://www.ncbi.nlm.nih.gov/nuccore/PQ449607	Vivaldi- An amplicon-based whole genome sequencing method for the	Unpublished	?	no
HCoV-229E_140M_Tanzania_2017_PQ187609_2017-06-06	?	spike	Human	PQ187609	2017-06-06	Tanzania	Africa	Tanzania	?	Mah et al	https://www.ncbi.nlm.nih.gov/nuccore/PQ187609	Discordant phylodynamic and spatiotemporal transmission	Unpublished	?	no
HCoV-229E_1197_Singapore_2010_PQ187610_2010-04-06	?	spike	Human	PQ187610	2010-04-06	Singapore	Asia	Singapore	?	Mah et al	https://www.ncbi.nlm.nih.gov/nuccore/PQ187610	Discordant phylodynamic and spatiotemporal transmission	Unpublished	?	no
HCoV-229E_1340_Singapore_2010_PQ187611_2010-05-17	?	spike	Human	PQ187611	2010-05-17	Singapore	Asia	Singapore	?	Mah et al	https://www.ncbi.nlm.nih.gov/nuccore/PQ187611	Discordant phylodynamic and spatiotemporal transmission	Unpublished	?	no
HCoV-229E_2277_Singapore_2011_PQ187612_2011-06-15	?	spike	Human	PQ187612	2011-06-15	Singapore	Asia	Singapore	?	Mah et al	https://www.ncbi.nlm.nih.gov/nuccore/PQ187612	Discordant phylodynamic and spatiotemporal transmission	Unpublished	?	no
HCoV-229E_2326_Singapore_2011_PQ187613_2011-06-30	?	spike	Human	PQ187613	2011-06-30	Singapore	Asia	Singapore	?	Mah et al	https://www.ncbi.nlm.nih.gov/nuccore/PQ187613	Discordant phylodynamic and spatiotemporal transmission	Unpublished	?	no
HCoV-229E_2613_Singapore_2011_PQ187614_2011-11-10	?	spike	Human	PQ187614	2011-11-10	Singapore	Asia	Singapore	?	Mah et al	https://www.ncbi.nlm.nih.gov/nuccore/PQ187614	Discordant phylodynamic and spatiotemporal transmission	Unpublished	?	no
HCoV-229E_2615_Singapore_2011_PQ187615_2011-11-10	?	spike	Human	PQ187615	2011-11-10	Singapore	Asia	Singapore	?	Mah et al	https://www.ncbi.nlm.nih.gov/nuccore/PQ187615	Discordant phylodynamic and spatiotemporal transmission	Unpublished	?	no
HCoV-229E_4033K_Tanzania_2017_PQ187616_2017-01-09	?	spike	Human	PQ187616	2017-01-09	Tanzania	Africa	Tanzania	?	Mah et al	https://www.ncbi.nlm.nih.gov/nuccore/PQ187616	Discordant phylodynamic and spatiotemporal transmission	Unpublished	?	no
HCoV-229E_USA_MD-ARIA-07484_2023_PQ037244_2023-04-XX	?	spike	Human	PQ037244	2023-04-XX	USA: Maryland	North America	USA	BioSample: SAMN40566661	Schmidt et al	https://www.ncbi.nlm.nih.gov/nuccore/PQ037244	Molecular detection and sequencing of diverse respiratory viruses	Unpublished	?	no
HCoV-229E_USA_MD-ARIA-07489_2023_PQ037245_2023-04-XX	?	spike	Human	PQ037245	2023-04-XX	USA: Maryland	North America	USA	BioSample: SAMN40566679	Schmidt et al	https://www.ncbi.nlm.nih.gov/nuccore/PQ037245	Molecular detection and sequencing of diverse respiratory viruses	Unpublished	?	no
HCoV-229E_USA_MD-ARIA-07561_2023_PQ037246_2023-04-XX	?	spike	Human	PQ037246	2023-04-XX	USA: Maryland	North America	USA	BioSample: SAMN40566662	Schmidt et al	https://www.ncbi.nlm.nih.gov/nuccore/PQ037246	Molecular detection and sequencing of diverse respiratory viruses	Unpublished	?	no
HCoV-229E_USA_MD-ARIA-07582_2023_PQ037247_2023-04-XX	?	spike	Human	PQ037247	2023-04-XX	USA: Maryland	North America	USA	BioSample: SAMN40566680	Schmidt et al	https://www.ncbi.nlm.nih.gov/nuccore/PQ037247	Molecular detection and sequencing of diverse respiratory viruses	Unpublished	?	no
229E_USA_N5MQ9S_2021_PP187313_2021-06-18	?	spike	Human	PP187313	2021-06-18	USA: WA	North America	USA	BioProject: PRJNA1066815	Goya et al	https://www.ncbi.nlm.nih.gov/nuccore/PP187313	respiratory virus sequences from UW Virology	Unpublished	?	no
hCoV-229E_Russia_NVS-RII-MH71549S_2022_OR266946_2022-03-28	?	spike	Human	OR266946	2022-03-28	Russia: Novosibirsk region, Novosibirsk	Europe	Russia	?	Musaeva et al	https://www.ncbi.nlm.nih.gov/nuccore/OR266946	Direct Submission	Submitted (12-JUL-2023) Laboratory of Molecular Virology,	?	no
HCoV-229E_BIME001-51_2015_ON554097_2015-XX-XX	?	spike	Human	ON554097	2015-XX-XX	China	Asia	China	?	Ye et al	https://www.ncbi.nlm.nih.gov/nuccore/ON554097	Continuous evolution and emerging lineage of seasonal human	J Med Virol (2023) In press	?	no
HCoV-229E_BIME020-63_2016_ON554098_2016-XX-XX	?	spike	Human	ON554098	2016-XX-XX	China	Asia	China	?	Ye et al	https://www.ncbi.nlm.nih.gov/nuccore/ON554098	Continuous evolution and emerging lineage of seasonal human	J Med Virol (2023) In press	?	no
HCoV-229E_BIME027-60_2016_ON554099_2016-XX-XX	?	spike	Human	ON554099	2016-XX-XX	China	Asia	China	?	Ye et al	https://www.ncbi.nlm.nih.gov/nuccore/ON554099	Continuous evolution and emerging lineage of seasonal human	J Med Virol (2023) In press	?	no
HCoV-229E_BIME030-61_2016_ON554100_2016-XX-XX	?	spike	Human	ON554100	2016-XX-XX	China	Asia	China	?	Ye et al	https://www.ncbi.nlm.nih.gov/nuccore/ON554100	Continuous evolution and emerging lineage of seasonal human	J Med Virol (2023) In press	?	no
HCoV-229E_BIME032-64_2016_ON554101_2016-XX-XX	?	spike	Human	ON554101	2016-XX-XX	China	Asia	China	?	Ye et al	https://www.ncbi.nlm.nih.gov/nuccore/ON554101	Continuous evolution and emerging lineage of seasonal human	J Med Virol (2023) In press	?	no
HCoV-229E_BIME038-59_2016_ON554102_2016-XX-XX	?	spike	Human	ON554102	2016-XX-XX	China	Asia	China	?	Ye et al	https://www.ncbi.nlm.nih.gov/nuccore/ON554102	Continuous evolution and emerging lineage of seasonal human	J Med Virol (2023) In press	?	no
HCoV-229E_BIME050-58_2016_ON554103_2016-XX-XX	?	spike	Human	ON554103	2016-XX-XX	China	Asia	China	?	Ye et al	https://www.ncbi.nlm.nih.gov/nuccore/ON554103	Continuous evolution and emerging lineage of seasonal human	J Med Virol (2023) In press	?	no
HCoV-229E_BIME055-67_2016_ON554104_2016-XX-XX	?	spike	Human	ON554104	2016-XX-XX	China	Asia	China	?	Ye et al	https://www.ncbi.nlm.nih.gov/nuccore/ON554104	Continuous evolution and emerging lineage of seasonal human	J Med Virol (2023) In press	?	no
HCoV-229E_BIME060-54_2016_ON554105_2016-XX-XX	?	spike	Human	ON554105	2016-XX-XX	China	Asia	China	?	Ye et al	https://www.ncbi.nlm.nih.gov/nuccore/ON554105	Continuous evolution and emerging lineage of seasonal human	J Med Virol (2023) In press	?	no
HCoV-229E_BIME061-55_2016_ON554106_2016-XX-XX	?	spike	Human	ON554106	2016-XX-XX	China	Asia	China	?	Ye et al	https://www.ncbi.nlm.nih.gov/nuccore/ON554106	Continuous evolution and emerging lineage of seasonal human	J Med Virol (2023) In press	?	no
HCoV-229E_BIME110-17_2017_ON554107_2017-XX-XX	?	spike	Human	ON554107	2017-XX-XX	China	Asia	China	?	Ye et al	https://www.ncbi.nlm.nih.gov/nuccore/ON554107	Continuous evolution and emerging lineage of seasonal human	J Med Virol (2023) In press	?	no
HCoV-229E_BIME118-39_2017_ON554108_2017-XX-XX	?	spike	Human	ON554108	2017-XX-XX	China	Asia	China	?	Ye et al	https://www.ncbi.nlm.nih.gov/nuccore/ON554108	Continuous evolution and emerging lineage of seasonal human	J Med Virol (2023) In press	?	no
HCoV-229E_BIME125-20_2017_ON554109_2017-XX-XX	?	spike	Human	ON554109	2017-XX-XX	China	Asia	China	?	Ye et al	https://www.ncbi.nlm.nih.gov/nuccore/ON554109	Continuous evolution and emerging lineage of seasonal human	J Med Virol (2023) In press	?	no
HCoV-229E_BIME126-21_2017_ON554110_2017-XX-XX	?	spike	Human	ON554110	2017-XX-XX	China	Asia	China	?	Ye et al	https://www.ncbi.nlm.nih.gov/nuccore/ON554110	Continuous evolution and emerging lineage of seasonal human	J Med Virol (2023) In press	?	no
HCoV-229E_BIME129-43_2017_ON554111_2017-XX-XX	?	spike	Human	ON554111	2017-XX-XX	China	Asia	China	?	Ye et al	https://www.ncbi.nlm.nih.gov/nuccore/ON554111	Continuous evolution and emerging lineage of seasonal human	J Med Virol (2023) In press	?	no
HCoV-229E_BIME140-42_2017_ON554112_2017-XX-XX	?	spike	Human	ON554112	2017-XX-XX	China	Asia	China	?	Ye et al	https://www.ncbi.nlm.nih.gov/nuccore/ON554112	Continuous evolution and emerging lineage of seasonal human	J Med Virol (2023) In press	?	no
HCoV-229E_BIME148-44_2017_ON554113_2017-XX-XX	?	spike	Human	ON554113	2017-XX-XX	China	Asia	China	?	Ye et al	https://www.ncbi.nlm.nih.gov/nuccore/ON554113	Continuous evolution and emerging lineage of seasonal human	J Med Virol (2023) In press	?	no
HCoV-229E_BIME151-16_2017_ON554114_2017-XX-XX	?	spike	Human	ON554114	2017-XX-XX	China	Asia	China	?	Ye et al	https://www.ncbi.nlm.nih.gov/nuccore/ON554114	Continuous evolution and emerging lineage of seasonal human	J Med Virol (2023) In press	?	no
HCoV-229E_BIME152-22_2017_ON554115_2017-XX-XX	?	spike	Human	ON554115	2017-XX-XX	China	Asia	China	?	Ye et al	https://www.ncbi.nlm.nih.gov/nuccore/ON554115	Continuous evolution and emerging lineage of seasonal human	J Med Virol (2023) In press	?	no
HCoV-229E_BIME153-23_2017_ON554116_2017-XX-XX	?	spike	Human	ON554116	2017-XX-XX	China	Asia	China	?	Ye et al	https://www.ncbi.nlm.nih.gov/nuccore/ON554116	Continuous evolution and emerging lineage of seasonal human	J Med Virol (2023) In press	?	no
HCoV-229E_BIME154-36_2017_ON554117_2017-XX-XX	?	spike	Human	ON554117	2017-XX-XX	China	Asia	China	?	Ye et al	https://www.ncbi.nlm.nih.gov/nuccore/ON554117	Continuous evolution and emerging lineage of seasonal human	J Med Virol (2023) In press	?	no
HCoV-229E_BIME155-40_2017_ON554118_2017-XX-XX	?	spike	Human	ON554118	2017-XX-XX	China	Asia	China	?	Ye et al	https://www.ncbi.nlm.nih.gov/nuccore/ON554118	Continuous evolution and emerging lineage of seasonal human	J Med Virol (2023) In press	?	no
HCoV-229E_BIME161-50_2017_ON554119_2017-XX-XX	?	spike	Human	ON554119	2017-XX-XX	China	Asia	China	?	Ye et al	https://www.ncbi.nlm.nih.gov/nuccore/ON554119	Continuous evolution and emerging lineage of seasonal human	J Med Virol (2023) In press	?	no
HCoV-229E_BIME168-45_2017_ON554120_2017-XX-XX	?	spike	Human	ON554120	2017-XX-XX	China	Asia	China	?	Ye et al	https://www.ncbi.nlm.nih.gov/nuccore/ON554120	Continuous evolution and emerging lineage of seasonal human	J Med Virol (2023) In press	?	no
HCoV-229E_BIME171-19_2017_ON554121_2017-XX-XX	?	spike	Human	ON554121	2017-XX-XX	China	Asia	China	?	Ye et al	https://www.ncbi.nlm.nih.gov/nuccore/ON554121	Continuous evolution and emerging lineage of seasonal human	J Med Virol (2023) In press	?	no
HCoV-229E_BIME176-46_2017_ON554122_2017-XX-XX	?	spike	Human	ON554122	2017-XX-XX	China	Asia	China	?	Ye et al	https://www.ncbi.nlm.nih.gov/nuccore/ON554122	Continuous evolution and emerging lineage of seasonal human	J Med Virol (2023) In press	?	no
HCoV-229E_BIME178-37_2017_ON554123_2017-XX-XX	?	spike	Human	ON554123	2017-XX-XX	China	Asia	China	?	Ye et al	https://www.ncbi.nlm.nih.gov/nuccore/ON554123	Continuous evolution and emerging lineage of seasonal human	J Med Virol (2023) In press	?	no
HCoV-229E_BIME186-38_2017_ON554124_2017-XX-XX	?	spike	Human	ON554124	2017-XX-XX	China	Asia	China	?	Ye et al	https://www.ncbi.nlm.nih.gov/nuccore/ON554124	Continuous evolution and emerging lineage of seasonal human	J Med Virol (2023) In press	?	no
HCoV-229E_BIME209-34_2018_ON554125_2018-XX-XX	?	spike	Human	ON554125	2018-XX-XX	China	Asia	China	?	Ye et al	https://www.ncbi.nlm.nih.gov/nuccore/ON554125	Continuous evolution and emerging lineage of seasonal human	J Med Virol (2023) In press	?	no
HCoV-229E_BIME240-24_2018_ON554126_2018-XX-XX	?	spike	Human	ON554126	2018-XX-XX	China	Asia	China	?	Ye et al	https://www.ncbi.nlm.nih.gov/nuccore/ON554126	Continuous evolution and emerging lineage of seasonal human	J Med Virol (2023) In press	?	no
HCoV-229E_BIME248-77_2017_ON554127_2017-XX-XX	?	spike	Human	ON554127	2017-XX-XX	China	Asia	China	?	Ye et al	https://www.ncbi.nlm.nih.gov/nuccore/ON554127	Continuous evolution and emerging lineage of seasonal human	J Med Virol (2023) In press	?	no
HCoV-229E_BIME260-05_2017_ON554128_2017-XX-XX	?	spike	Human	ON554128	2017-XX-XX	China	Asia	China	?	Ye et al	https://www.ncbi.nlm.nih.gov/nuccore/ON554128	Continuous evolution and emerging lineage of seasonal human	J Med Virol (2023) In press	?	no
HCoV-229E_BIME310-26_2018_ON554129_2018-XX-XX	?	spike	Human	ON554129	2018-XX-XX	China	Asia	China	?	Ye et al	https://www.ncbi.nlm.nih.gov/nuccore/ON554129	Continuous evolution and emerging lineage of seasonal human	J Med Virol (2023) In press	?	no
HCoV-229E_BIME319-10_2018_ON554130_2018-XX-XX	?	spike	Human	ON554130	2018-XX-XX	China	Asia	China	?	Ye et al	https://www.ncbi.nlm.nih.gov/nuccore/ON554130	Continuous evolution and emerging lineage of seasonal human	J Med Virol (2023) In press	?	no
HCoV-229E_BIME341-12_2018_ON554131_2018-XX-XX	?	spike	Human	ON554131	2018-XX-XX	China	Asia	China	?	Ye et al	https://www.ncbi.nlm.nih.gov/nuccore/ON554131	Continuous evolution and emerging lineage of seasonal human	J Med Virol (2023) In press	?	no
HCoV-229E_BIME364-69_2019_ON554132_2019-XX-XX	?	spike	Human	ON554132	2019-XX-XX	China	Asia	China	?	Ye et al	https://www.ncbi.nlm.nih.gov/nuccore/ON554132	Continuous evolution and emerging lineage of seasonal human	J Med Virol (2023) In press	?	no
HCoV-229E_BIME365-75_2019_ON554133_2019-XX-XX	?	spike	Human	ON554133	2019-XX-XX	China	Asia	China	?	Ye et al	https://www.ncbi.nlm.nih.gov/nuccore/ON554133	Continuous evolution and emerging lineage of seasonal human	J Med Virol (2023) In press	?	no
HCoV-229E_BIME377-74_2019_ON554134_2019-XX-XX	?	spike	Human	ON554134	2019-XX-XX	China	Asia	China	?	Ye et al	https://www.ncbi.nlm.nih.gov/nuccore/ON554134	Continuous evolution and emerging lineage of seasonal human	J Med Virol (2023) In press	?	no
HCoV-229E_BIME386-73_2019_ON554135_2019-XX-XX	?	spike	Human	ON554135	2019-XX-XX	China	Asia	China	?	Ye et al	https://www.ncbi.nlm.nih.gov/nuccore/ON554135	Continuous evolution and emerging lineage of seasonal human	J Med Virol (2023) In press	?	no
HCoV-229E_BIME389-70_2019_ON554136_2019-XX-XX	?	spike	Human	ON554136	2019-XX-XX	China	Asia	China	?	Ye et al	https://www.ncbi.nlm.nih.gov/nuccore/ON554136	Continuous evolution and emerging lineage of seasonal human	J Med Virol (2023) In press	?	no
HCoV-229E_BIME391-71_2019_ON554137_2019-XX-XX	?	spike	Human	ON554137	2019-XX-XX	China	Asia	China	?	Ye et al	https://www.ncbi.nlm.nih.gov/nuccore/ON554137	Continuous evolution and emerging lineage of seasonal human	J Med Virol (2023) In press	?	no
HCoV-229E_BIME392-72_2019_ON554138_2019-XX-XX	?	spike	Human	ON554138	2019-XX-XX	China	Asia	China	?	Ye et al	https://www.ncbi.nlm.nih.gov/nuccore/ON554138	Continuous evolution and emerging lineage of seasonal human	J Med Virol (2023) In press	?	no
HCoV-229E_BIME412-68_2019_ON554139_2019-XX-XX	?	spike	Human	ON554139	2019-XX-XX	China	Asia	China	?	Ye et al	https://www.ncbi.nlm.nih.gov/nuccore/ON554139	Continuous evolution and emerging lineage of seasonal human	J Med Virol (2023) In press	?	no
BJHD29_MW800646_2017-11-28	?	spike	Human	MW800646	2017-11-28	China	Asia	China	?	Yu et al	https://www.ncbi.nlm.nih.gov/nuccore/MW800646	Co-circulation of multiple respiratory viruses detected in	Unpublished	?	no
R2_OK073077_2018-XX-XX	?	spike	Human	OK073077	2018-XX-XX	China	Asia	China	?	Shao et al	https://www.ncbi.nlm.nih.gov/nuccore/OK073077	Molecular Evolution of Human Coronavirus NL63, 229E, HKU1 and OC43	Unpublished	?	no
R10_OK073078_2017-XX-XX	?	spike	Human	OK073078	2017-XX-XX	China	Asia	China	?	Shao et al	https://www.ncbi.nlm.nih.gov/nuccore/OK073078	Molecular Evolution of Human Coronavirus NL63, 229E, HKU1 and OC43	Unpublished	?	no
R22_OK073079_2018-XX-XX	?	spike	Human	OK073079	2018-XX-XX	China	Asia	China	?	Shao et al	https://www.ncbi.nlm.nih.gov/nuccore/OK073079	Molecular Evolution of Human Coronavirus NL63, 229E, HKU1 and OC43	Unpublished	?	no
R35_OK073080_2018-XX-XX	?	spike	Human	OK073080	2018-XX-XX	China	Asia	China	?	Shao et al	https://www.ncbi.nlm.nih.gov/nuccore/OK073080	Molecular Evolution of Human Coronavirus NL63, 229E, HKU1 and OC43	Unpublished	?	no
R39_OK073081_2018-XX-XX	?	spike	Human	OK073081	2018-XX-XX	China	Asia	China	?	Shao et al	https://www.ncbi.nlm.nih.gov/nuccore/OK073081	Molecular Evolution of Human Coronavirus NL63, 229E, HKU1 and OC43	Unpublished	?	no
R41_OK073082_2018-XX-XX	?	spike	Human	OK073082	2018-XX-XX	China	Asia	China	?	Shao et al	https://www.ncbi.nlm.nih.gov/nuccore/OK073082	Molecular Evolution of Human Coronavirus NL63, 229E, HKU1 and OC43	Unpublished	?	no
RS15_OK073083_2017-XX-XX	?	spike	Human	OK073083	2017-XX-XX	China	Asia	China	?	Shao et al	https://www.ncbi.nlm.nih.gov/nuccore/OK073083	Molecular Evolution of Human Coronavirus NL63, 229E, HKU1 and OC43	Unpublished	?	no
P42_OK073084_2017-XX-XX	?	spike	Human	OK073084	2017-XX-XX	China	Asia	China	?	Shao et al	https://www.ncbi.nlm.nih.gov/nuccore/OK073084	Molecular Evolution of Human Coronavirus NL63, 229E, HKU1 and OC43	Unpublished	?	no
SC0678_ON729316_2019-XX-XX	?	spike	Human	ON729316	2019-XX-XX	USA	North America	USA	BioProject: PRJNA338014	Sereewit et al	https://www.ncbi.nlm.nih.gov/nuccore/ON729316	Genome sequences of clinical viruses from UW Virology	Unpublished	?	no
LC22_ON791801_2022-XX-XX	?	spike	Human	ON791801	2022-XX-XX	USA	North America	USA	BioProject: PRJNA338014	Sereewit et al	https://www.ncbi.nlm.nih.gov/nuccore/ON791801	genome sequences of clinical viruses from UW Virology	Unpublished	?	no
S0677SP_MW587035_2022-01-20	?	spike	Human	MW587035	2022-01-20	China	Asia	China	?	Shi et al	https://www.ncbi.nlm.nih.gov/nuccore/MW587035	Characterization of Total Respiratory Infectomes in pre-COVID-19	Unpublished	?	no
S0970XLQ_MW587037_2022-01-20	?	spike	Human	MW587037	2022-01-20	China	Asia	China	?	Shi et al	https://www.ncbi.nlm.nih.gov/nuccore/MW587037	Characterization of Total Respiratory Infectomes in pre-COVID-19	Unpublished	?	no
S0959FBW_MW587038_2022-01-20	?	spike	Human	MW587038	2022-01-20	China	Asia	China	?	Shi et al	https://www.ncbi.nlm.nih.gov/nuccore/MW587038	Characterization of Total Respiratory Infectomes in pre-COVID-19	Unpublished	?	no
229E_S220_MW202340_2018-XX-XX	?	spike	Human	MW202340	2018-XX-XX	USA	North America	USA	BioProject: PRJNA671738	Rajagopala et al	https://www.ncbi.nlm.nih.gov/nuccore/MW202340	Metatranscriptomics to characterize respiratory virome, microbiome,	Res Sq (2020) In press	?	no
Fukushima_H829_2020_LC654445_2020-XX-XX	?	spike	Human	LC654445	2020-XX-XX	Japan: Fukushima	Asia	Japan	?	Shirato et al	https://www.ncbi.nlm.nih.gov/nuccore/LC654445	Detection of the ORF1 Gene Is an Indicator of the Possible	Pathogens 11 (3), 302 (2022)	https://pubmed.ncbi.nlm.nih.gov/35335626	no
Fukushima_H832_2020_LC654446_2020-XX-XX	?	spike	Human	LC654446	2020-XX-XX	Japan: Fukushima	Asia	Japan	?	Shirato et al	https://www.ncbi.nlm.nih.gov/nuccore/LC654446	Detection of the ORF1 Gene Is an Indicator of the Possible	Pathogens 11 (3), 302 (2022)	https://pubmed.ncbi.nlm.nih.gov/35335626	no
229E_China_03_2017_MW532103_2017-05-02	?	spike	Human	MW532103	2017-05-02	China	Asia	China	?	Wang et al	https://www.ncbi.nlm.nih.gov/nuccore/MW532103	Direct Submission	Submitted (24-JAN-2021) The First Affiliated Hospital of Guangzhou	?	no
229E_China_04_2017_MW532104_2017-08-02	?	spike	Human	MW532104	2017-08-02	China	Asia	China	?	Wang et al	https://www.ncbi.nlm.nih.gov/nuccore/MW532104	Direct Submission	Submitted (24-JAN-2021) The First Affiliated Hospital of Guangzhou	?	no
229E_China_05_2017_MW532105_2017-09-06	?	spike	Human	MW532105	2017-09-06	China	Asia	China	?	Wang et al	https://www.ncbi.nlm.nih.gov/nuccore/MW532105	Direct Submission	Submitted (24-JAN-2021) The First Affiliated Hospital of Guangzhou	?	no
229E_China_01_2009_MW532106_2009-06-09	?	spike	Human	MW532106	2009-06-09	China	Asia	China	?	Wang et al	https://www.ncbi.nlm.nih.gov/nuccore/MW532106	Direct Submission	Submitted (24-JAN-2021) The First Affiliated Hospital of Guangzhou	?	no
229E_China_02_2009_MW532107_2009-04-15	?	spike	Human	MW532107	2009-04-15	China	Asia	China	?	Wang et al	https://www.ncbi.nlm.nih.gov/nuccore/MW532107	Direct Submission	Submitted (24-JAN-2021) The First Affiliated Hospital of Guangzhou	?	no
2018_9879_MT118677_2018-XX-XX	?	spike	Human	MT118677	2018-XX-XX	USA	North America	USA	BioProject: PRJNA338014	Addetia et al	https://www.ncbi.nlm.nih.gov/nuccore/MT118677	Genome sequences of viral isolates from UW Virology	Unpublished	?	no
HK20-42_MT797634_2020-01-XX	?	spike	Human	MT797634	2020-01-XX	Hong Kong	Asia	Hong Kong	?	Lau et al	https://www.ncbi.nlm.nih.gov/nuccore/MT797634	Molecular Evolution of Human Coronavirus 229E in Hong Kong and a	mSphere (2021) In press	?	no
HK04-01_MT797676_2004-04-XX	?	spike	Human	MT797676	2004-04-XX	Hong Kong	Asia	Hong Kong	?	Lau et al	https://www.ncbi.nlm.nih.gov/nuccore/MT797676	Molecular Evolution of Human Coronavirus 229E in Hong Kong and a	mSphere (2021) In press	?	no
HK04-02_MT797677_2004-06-XX	?	spike	Human	MT797677	2004-06-XX	Hong Kong	Asia	Hong Kong	?	Lau et al	https://www.ncbi.nlm.nih.gov/nuccore/MT797677	Molecular Evolution of Human Coronavirus 229E in Hong Kong and a	mSphere (2021) In press	?	no
HK05-03_MT797678_2005-02-XX	?	spike	Human	MT797678	2005-02-XX	Hong Kong	Asia	Hong Kong	?	Lau et al	https://www.ncbi.nlm.nih.gov/nuccore/MT797678	Molecular Evolution of Human Coronavirus 229E in Hong Kong and a	mSphere (2021) In press	?	no
HK05-04_MT797679_2005-03-XX	?	spike	Human	MT797679	2005-03-XX	Hong Kong	Asia	Hong Kong	?	Lau et al	https://www.ncbi.nlm.nih.gov/nuccore/MT797679	Molecular Evolution of Human Coronavirus 229E in Hong Kong and a	mSphere (2021) In press	?	no
HK05-05_MT797680_2005-04-XX	?	spike	Human	MT797680	2005-04-XX	Hong Kong	Asia	Hong Kong	?	Lau et al	https://www.ncbi.nlm.nih.gov/nuccore/MT797680	Molecular Evolution of Human Coronavirus 229E in Hong Kong and a	mSphere (2021) In press	?	no
HK05-06_MT797681_2005-10-XX	?	spike	Human	MT797681	2005-10-XX	Hong Kong	Asia	Hong Kong	?	Lau et al	https://www.ncbi.nlm.nih.gov/nuccore/MT797681	Molecular Evolution of Human Coronavirus 229E in Hong Kong and a	mSphere (2021) In press	?	no
HK05-07_MT797682_2005-11-XX	?	spike	Human	MT797682	2005-11-XX	Hong Kong	Asia	Hong Kong	?	Lau et al	https://www.ncbi.nlm.nih.gov/nuccore/MT797682	Molecular Evolution of Human Coronavirus 229E in Hong Kong and a	mSphere (2021) In press	?	no
HK05-08_MT797683_2005-11-XX	?	spike	Human	MT797683	2005-11-XX	Hong Kong	Asia	Hong Kong	?	Lau et al	https://www.ncbi.nlm.nih.gov/nuccore/MT797683	Molecular Evolution of Human Coronavirus 229E in Hong Kong and a	mSphere (2021) In press	?	no
HK05-09_MT797684_2005-11-XX	?	spike	Human	MT797684	2005-11-XX	Hong Kong	Asia	Hong Kong	?	Lau et al	https://www.ncbi.nlm.nih.gov/nuccore/MT797684	Molecular Evolution of Human Coronavirus 229E in Hong Kong and a	mSphere (2021) In press	?	no
HK05-10_MT797685_2005-11-XX	?	spike	Human	MT797685	2005-11-XX	Hong Kong	Asia	Hong Kong	?	Lau et al	https://www.ncbi.nlm.nih.gov/nuccore/MT797685	Molecular Evolution of Human Coronavirus 229E in Hong Kong and a	mSphere (2021) In press	?	no
HK05-11_MT797686_2005-12-XX	?	spike	Human	MT797686	2005-12-XX	Hong Kong	Asia	Hong Kong	?	Lau et al	https://www.ncbi.nlm.nih.gov/nuccore/MT797686	Molecular Evolution of Human Coronavirus 229E in Hong Kong and a	mSphere (2021) In press	?	no
HK05-12_MT797687_2005-12-XX	?	spike	Human	MT797687	2005-12-XX	Hong Kong	Asia	Hong Kong	?	Lau et al	https://www.ncbi.nlm.nih.gov/nuccore/MT797687	Molecular Evolution of Human Coronavirus 229E in Hong Kong and a	mSphere (2021) In press	?	no
HK05-13_MT797688_2005-12-XX	?	spike	Human	MT797688	2005-12-XX	Hong Kong	Asia	Hong Kong	?	Lau et al	https://www.ncbi.nlm.nih.gov/nuccore/MT797688	Molecular Evolution of Human Coronavirus 229E in Hong Kong and a	mSphere (2021) In press	?	no
HK05-14_MT797689_2005-12-XX	?	spike	Human	MT797689	2005-12-XX	Hong Kong	Asia	Hong Kong	?	Lau et al	https://www.ncbi.nlm.nih.gov/nuccore/MT797689	Molecular Evolution of Human Coronavirus 229E in Hong Kong and a	mSphere (2021) In press	?	no
HK05-15_MT797690_2005-12-XX	?	spike	Human	MT797690	2005-12-XX	Hong Kong	Asia	Hong Kong	?	Lau et al	https://www.ncbi.nlm.nih.gov/nuccore/MT797690	Molecular Evolution of Human Coronavirus 229E in Hong Kong and a	mSphere (2021) In press	?	no
HK05-16_MT797691_2005-12-XX	?	spike	Human	MT797691	2005-12-XX	Hong Kong	Asia	Hong Kong	?	Lau et al	https://www.ncbi.nlm.nih.gov/nuccore/MT797691	Molecular Evolution of Human Coronavirus 229E in Hong Kong and a	mSphere (2021) In press	?	no
HK05-17_MT797692_2005-12-XX	?	spike	Human	MT797692	2005-12-XX	Hong Kong	Asia	Hong Kong	?	Lau et al	https://www.ncbi.nlm.nih.gov/nuccore/MT797692	Molecular Evolution of Human Coronavirus 229E in Hong Kong and a	mSphere (2021) In press	?	no
HK05-18_MT797693_2005-12-XX	?	spike	Human	MT797693	2005-12-XX	Hong Kong	Asia	Hong Kong	?	Lau et al	https://www.ncbi.nlm.nih.gov/nuccore/MT797693	Molecular Evolution of Human Coronavirus 229E in Hong Kong and a	mSphere (2021) In press	?	no
HK05-19_MT797694_2005-12-XX	?	spike	Human	MT797694	2005-12-XX	Hong Kong	Asia	Hong Kong	?	Lau et al	https://www.ncbi.nlm.nih.gov/nuccore/MT797694	Molecular Evolution of Human Coronavirus 229E in Hong Kong and a	mSphere (2021) In press	?	no
HK05-20_MT797695_2005-12-XX	?	spike	Human	MT797695	2005-12-XX	Hong Kong	Asia	Hong Kong	?	Lau et al	https://www.ncbi.nlm.nih.gov/nuccore/MT797695	Molecular Evolution of Human Coronavirus 229E in Hong Kong and a	mSphere (2021) In press	?	no
HK05-21_MT797696_2005-12-XX	?	spike	Human	MT797696	2005-12-XX	Hong Kong	Asia	Hong Kong	?	Lau et al	https://www.ncbi.nlm.nih.gov/nuccore/MT797696	Molecular Evolution of Human Coronavirus 229E in Hong Kong and a	mSphere (2021) In press	?	no
HK05-22_MT797697_2005-12-XX	?	spike	Human	MT797697	2005-12-XX	Hong Kong	Asia	Hong Kong	?	Lau et al	https://www.ncbi.nlm.nih.gov/nuccore/MT797697	Molecular Evolution of Human Coronavirus 229E in Hong Kong and a	mSphere (2021) In press	?	no
HK06-23_MT797698_2006-01-XX	?	spike	Human	MT797698	2006-01-XX	Hong Kong	Asia	Hong Kong	?	Lau et al	https://www.ncbi.nlm.nih.gov/nuccore/MT797698	Molecular Evolution of Human Coronavirus 229E in Hong Kong and a	mSphere (2021) In press	?	no
HK06-24_MT797699_2006-01-XX	?	spike	Human	MT797699	2006-01-XX	Hong Kong	Asia	Hong Kong	?	Lau et al	https://www.ncbi.nlm.nih.gov/nuccore/MT797699	Molecular Evolution of Human Coronavirus 229E in Hong Kong and a	mSphere (2021) In press	?	no
HK06-25_MT797700_2006-01-XX	?	spike	Human	MT797700	2006-01-XX	Hong Kong	Asia	Hong Kong	?	Lau et al	https://www.ncbi.nlm.nih.gov/nuccore/MT797700	Molecular Evolution of Human Coronavirus 229E in Hong Kong and a	mSphere (2021) In press	?	no
HK06-26_MT797701_2006-01-XX	?	spike	Human	MT797701	2006-01-XX	Hong Kong	Asia	Hong Kong	?	Lau et al	https://www.ncbi.nlm.nih.gov/nuccore/MT797701	Molecular Evolution of Human Coronavirus 229E in Hong Kong and a	mSphere (2021) In press	?	no
HK06-27_MT797702_2006-01-XX	?	spike	Human	MT797702	2006-01-XX	Hong Kong	Asia	Hong Kong	?	Lau et al	https://www.ncbi.nlm.nih.gov/nuccore/MT797702	Molecular Evolution of Human Coronavirus 229E in Hong Kong and a	mSphere (2021) In press	?	no
HK06-28_MT797703_2006-01-XX	?	spike	Human	MT797703	2006-01-XX	Hong Kong	Asia	Hong Kong	?	Lau et al	https://www.ncbi.nlm.nih.gov/nuccore/MT797703	Molecular Evolution of Human Coronavirus 229E in Hong Kong and a	mSphere (2021) In press	?	no
HK06-29_MT797704_2006-01-XX	?	spike	Human	MT797704	2006-01-XX	Hong Kong	Asia	Hong Kong	?	Lau et al	https://www.ncbi.nlm.nih.gov/nuccore/MT797704	Molecular Evolution of Human Coronavirus 229E in Hong Kong and a	mSphere (2021) In press	?	no
HK09-30_MT797705_2009-05-XX	?	spike	Human	MT797705	2009-05-XX	Hong Kong	Asia	Hong Kong	?	Lau et al	https://www.ncbi.nlm.nih.gov/nuccore/MT797705	Molecular Evolution of Human Coronavirus 229E in Hong Kong and a	mSphere (2021) In press	?	no
HK09-31_MT797706_2009-05-XX	?	spike	Human	MT797706	2009-05-XX	Hong Kong	Asia	Hong Kong	?	Lau et al	https://www.ncbi.nlm.nih.gov/nuccore/MT797706	Molecular Evolution of Human Coronavirus 229E in Hong Kong and a	mSphere (2021) In press	?	no
HK11-32_MT797707_2011-02-XX	?	spike	Human	MT797707	2011-02-XX	Hong Kong	Asia	Hong Kong	?	Lau et al	https://www.ncbi.nlm.nih.gov/nuccore/MT797707	Molecular Evolution of Human Coronavirus 229E in Hong Kong and a	mSphere (2021) In press	?	no
HK11-33_MT797708_2011-05-XX	?	spike	Human	MT797708	2011-05-XX	Hong Kong	Asia	Hong Kong	?	Lau et al	https://www.ncbi.nlm.nih.gov/nuccore/MT797708	Molecular Evolution of Human Coronavirus 229E in Hong Kong and a	mSphere (2021) In press	?	no
HK11-34_MT797709_2011-05-XX	?	spike	Human	MT797709	2011-05-XX	Hong Kong	Asia	Hong Kong	?	Lau et al	https://www.ncbi.nlm.nih.gov/nuccore/MT797709	Molecular Evolution of Human Coronavirus 229E in Hong Kong and a	mSphere (2021) In press	?	no
HK11-35_MT797710_2011-07-XX	?	spike	Human	MT797710	2011-07-XX	Hong Kong	Asia	Hong Kong	?	Lau et al	https://www.ncbi.nlm.nih.gov/nuccore/MT797710	Molecular Evolution of Human Coronavirus 229E in Hong Kong and a	mSphere (2021) In press	?	no
HK12-36_MT797711_2012-01-XX	?	spike	Human	MT797711	2012-01-XX	Hong Kong	Asia	Hong Kong	?	Lau et al	https://www.ncbi.nlm.nih.gov/nuccore/MT797711	Molecular Evolution of Human Coronavirus 229E in Hong Kong and a	mSphere (2021) In press	?	no
HK13-37_MT797712_2013-02-XX	?	spike	Human	MT797712	2013-02-XX	Hong Kong	Asia	Hong Kong	?	Lau et al	https://www.ncbi.nlm.nih.gov/nuccore/MT797712	Molecular Evolution of Human Coronavirus 229E in Hong Kong and a	mSphere (2021) In press	?	no
HK13-38_MT797713_2013-05-XX	?	spike	Human	MT797713	2013-05-XX	Hong Kong	Asia	Hong Kong	?	Lau et al	https://www.ncbi.nlm.nih.gov/nuccore/MT797713	Molecular Evolution of Human Coronavirus 229E in Hong Kong and a	mSphere (2021) In press	?	no
HK13-39_MT797714_2013-05-XX	?	spike	Human	MT797714	2013-05-XX	Hong Kong	Asia	Hong Kong	?	Lau et al	https://www.ncbi.nlm.nih.gov/nuccore/MT797714	Molecular Evolution of Human Coronavirus 229E in Hong Kong and a	mSphere (2021) In press	?	no
HK16-40_MT797715_2016-01-XX	?	spike	Human	MT797715	2016-01-XX	Hong Kong	Asia	Hong Kong	?	Lau et al	https://www.ncbi.nlm.nih.gov/nuccore/MT797715	Molecular Evolution of Human Coronavirus 229E in Hong Kong and a	mSphere (2021) In press	?	no
HK16-41_MT797716_2016-01-XX	?	spike	Human	MT797716	2016-01-XX	Hong Kong	Asia	Hong Kong	?	Lau et al	https://www.ncbi.nlm.nih.gov/nuccore/MT797716	Molecular Evolution of Human Coronavirus 229E in Hong Kong and a	mSphere (2021) In press	?	no
HCoV_229E_human_ITA_TE5146_2020_MW039392_2020-03-18	?	spike	Human	MW039392	2020-03-18	Italy: Atri-Teramo	Europe	Italy	?	Puglia et al	https://www.ncbi.nlm.nih.gov/nuccore/MW039392	Direct Submission	Submitted (24-SEP-2020) Virology Unit, Istituto Zooprofilattico	?	no
HCoV-229E_USA_UNM_0186_2016_MT438696_2016-02-09	?	spike	Human	MT438696	2016-02-09	USA: Albuquerque, New Mexico	North America	USA	?	Dinwiddie et al	https://www.ncbi.nlm.nih.gov/nuccore/MT438696	Clinical, Genomic, and Phylogenetic Characterization of Common	Unpublished	?	no
HCoV-229E_USA_ACRI_0244_2017_MT438697_2017-02-24	?	spike	Human	MT438697	2017-02-24	USA: Little Rock, Arkansas	North America	USA	?	Dinwiddie et al	https://www.ncbi.nlm.nih.gov/nuccore/MT438697	Clinical, Genomic, and Phylogenetic Characterization of Common	Unpublished	?	no
HCoV-229E_USA_ACRI_0256_2017_MT438698_2017-02-24	?	spike	Human	MT438698	2017-02-24	USA: Little Rock, Arkansas	North America	USA	?	Dinwiddie et al	https://www.ncbi.nlm.nih.gov/nuccore/MT438698	Clinical, Genomic, and Phylogenetic Characterization of Common	Unpublished	?	no
HCoV-229E_USA_UAMS_DID_0108_2017_MT438700_2017-01-27	?	spike	Human	MT438700	2017-01-27	USA: Little Rock, Arkansas	North America	USA	?	Dinwiddie et al	https://www.ncbi.nlm.nih.gov/nuccore/MT438700	Clinical, Genomic, and Phylogenetic Characterization of Common	Unpublished	?	no
HCoV_229E_Seattle_USA_SC9724_2018_MN369046_2018-XX-XX	?	spike	Human	MN369046	2018-XX-XX	USA	North America	USA	BioProject: PRJNA338014	Lin et al	https://www.ncbi.nlm.nih.gov/nuccore/MN369046	Genome sequences of clinical viruses from UW Virology	Unpublished	?	no
HCoV_229E_Seattle_USA_SC0865_2019_MN306046_2019-XX-XX	?	spike	Human	MN306046	2019-XX-XX	USA	North America	USA	BioProject: PRJNA338014	Lin et al	https://www.ncbi.nlm.nih.gov/nuccore/MN306046	Genome sequences of clinical viruses from UW Virology	Unpublished	?	no
11949_2011_KM055531_2011-XX-XX	?	spike	Human	KM055531	2011-XX-XX	China	Asia	China	?	Zhang et al	https://www.ncbi.nlm.nih.gov/nuccore/KM055531	The evolution of human coronavirus 229E	Unpublished	?	no
1512A_2009_KM055532_2009-XX-XX	?	spike	Human	KM055532	2009-XX-XX	China	Asia	China	?	Zhang et al	https://www.ncbi.nlm.nih.gov/nuccore/KM055532	The evolution of human coronavirus 229E	Unpublished	?	no
1518A_2009_KM055533_2009-XX-XX	?	spike	Human	KM055533	2009-XX-XX	China	Asia	China	?	Zhang et al	https://www.ncbi.nlm.nih.gov/nuccore/KM055533	The evolution of human coronavirus 229E	Unpublished	?	no
1546A_2009_KM055534_2009-XX-XX	?	spike	Human	KM055534	2009-XX-XX	China	Asia	China	?	Zhang et al	https://www.ncbi.nlm.nih.gov/nuccore/KM055534	The evolution of human coronavirus 229E	Unpublished	?	no
1649A_2009_KM055535_2009-XX-XX	?	spike	Human	KM055535	2009-XX-XX	China	Asia	China	?	Zhang et al	https://www.ncbi.nlm.nih.gov/nuccore/KM055535	The evolution of human coronavirus 229E	Unpublished	?	no
1658A_2009_KM055536_2009-XX-XX	?	spike	Human	KM055536	2009-XX-XX	China	Asia	China	?	Zhang et al	https://www.ncbi.nlm.nih.gov/nuccore/KM055536	The evolution of human coronavirus 229E	Unpublished	?	no
1667A_2009_KM055537_2009-XX-XX	?	spike	Human	KM055537	2009-XX-XX	China	Asia	China	?	Zhang et al	https://www.ncbi.nlm.nih.gov/nuccore/KM055537	The evolution of human coronavirus 229E	Unpublished	?	no
1761A_2010_KM055538_2010-XX-XX	?	spike	Human	KM055538	2010-XX-XX	China	Asia	China	?	Zhang et al	https://www.ncbi.nlm.nih.gov/nuccore/KM055538	The evolution of human coronavirus 229E	Unpublished	?	no
1781A_2010_KM055539_2010-XX-XX	?	spike	Human	KM055539	2010-XX-XX	China	Asia	China	?	Zhang et al	https://www.ncbi.nlm.nih.gov/nuccore/KM055539	The evolution of human coronavirus 229E	Unpublished	?	no
1782A_2010_KM055540_2010-XX-XX	?	spike	Human	KM055540	2010-XX-XX	China	Asia	China	?	Zhang et al	https://www.ncbi.nlm.nih.gov/nuccore/KM055540	The evolution of human coronavirus 229E	Unpublished	?	no
1827A_2010_KM055541_2010-XX-XX	?	spike	Human	KM055541	2010-XX-XX	China	Asia	China	?	Zhang et al	https://www.ncbi.nlm.nih.gov/nuccore/KM055541	The evolution of human coronavirus 229E	Unpublished	?	no
1829A_2010_KM055542_2010-XX-XX	?	spike	Human	KM055542	2010-XX-XX	China	Asia	China	?	Zhang et al	https://www.ncbi.nlm.nih.gov/nuccore/KM055542	The evolution of human coronavirus 229E	Unpublished	?	no
1990A_2010_KM055543_2010-XX-XX	?	spike	Human	KM055543	2010-XX-XX	China	Asia	China	?	Zhang et al	https://www.ncbi.nlm.nih.gov/nuccore/KM055543	The evolution of human coronavirus 229E	Unpublished	?	no
2764A_2011_KM055544_2011-XX-XX	?	spike	Human	KM055544	2011-XX-XX	China	Asia	China	?	Zhang et al	https://www.ncbi.nlm.nih.gov/nuccore/KM055544	The evolution of human coronavirus 229E	Unpublished	?	no
8339_2009_KM055545_2009-XX-XX	?	spike	Human	KM055545	2009-XX-XX	China	Asia	China	?	Zhang et al	https://www.ncbi.nlm.nih.gov/nuccore/KM055545	The evolution of human coronavirus 229E	Unpublished	?	no
8373_2009_KM055546_2009-XX-XX	?	spike	Human	KM055546	2009-XX-XX	China	Asia	China	?	Zhang et al	https://www.ncbi.nlm.nih.gov/nuccore/KM055546	The evolution of human coronavirus 229E	Unpublished	?	no
8425_2009_KM055547_2009-XX-XX	?	spike	Human	KM055547	2009-XX-XX	China	Asia	China	?	Zhang et al	https://www.ncbi.nlm.nih.gov/nuccore/KM055547	The evolution of human coronavirus 229E	Unpublished	?	no
2861A_2011_KM055548_2011-XX-XX	?	spike	Human	KM055548	2011-XX-XX	China	Asia	China	?	Zhang et al	https://www.ncbi.nlm.nih.gov/nuccore/KM055548	The evolution of human coronavirus 229E	Unpublished	?	no
2961A_2011_KM055549_2011-XX-XX	?	spike	Human	KM055549	2011-XX-XX	China	Asia	China	?	Zhang et al	https://www.ncbi.nlm.nih.gov/nuccore/KM055549	The evolution of human coronavirus 229E	Unpublished	?	no
2981A_2011_KM055550_2011-XX-XX	?	spike	Human	KM055550	2011-XX-XX	China	Asia	China	?	Zhang et al	https://www.ncbi.nlm.nih.gov/nuccore/KM055550	The evolution of human coronavirus 229E	Unpublished	?	no
359A_2007_KM055551_2007-XX-XX	?	spike	Human	KM055551	2007-XX-XX	China	Asia	China	?	Zhang et al	https://www.ncbi.nlm.nih.gov/nuccore/KM055551	The evolution of human coronavirus 229E	Unpublished	?	no
423A_2007_KM055552_2007-XX-XX	?	spike	Human	KM055552	2007-XX-XX	China	Asia	China	?	Zhang et al	https://www.ncbi.nlm.nih.gov/nuccore/KM055552	The evolution of human coronavirus 229E	Unpublished	?	no
1482A_2009_KM055553_2009-XX-XX	?	spike	Human	KM055553	2009-XX-XX	China	Asia	China	?	Zhang et al	https://www.ncbi.nlm.nih.gov/nuccore/KM055553	The evolution of human coronavirus 229E	Unpublished	?	no
494A_2008_KM055554_2008-XX-XX	?	spike	Human	KM055554	2008-XX-XX	China	Asia	China	?	Zhang et al	https://www.ncbi.nlm.nih.gov/nuccore/KM055554	The evolution of human coronavirus 229E	Unpublished	?	no
507A_2008_KM055555_2008-XX-XX	?	spike	Human	KM055555	2008-XX-XX	China	Asia	China	?	Zhang et al	https://www.ncbi.nlm.nih.gov/nuccore/KM055555	The evolution of human coronavirus 229E	Unpublished	?	no
693A_2008_KM055556_2008-XX-XX	?	spike	Human	KM055556	2008-XX-XX	China	Asia	China	?	Zhang et al	https://www.ncbi.nlm.nih.gov/nuccore/KM055556	The evolution of human coronavirus 229E	Unpublished	?	yes
748_2005_KM055557_2005-XX-XX	?	spike	Human	KM055557	2005-XX-XX	China	Asia	China	?	Zhang et al	https://www.ncbi.nlm.nih.gov/nuccore/KM055557	The evolution of human coronavirus 229E	Unpublished	?	no
8348_2009_KM055558_2009-XX-XX	?	spike	Human	KM055558	2009-XX-XX	China	Asia	China	?	Zhang et al	https://www.ncbi.nlm.nih.gov/nuccore/KM055558	The evolution of human coronavirus 229E	Unpublished	?	no
857_2005_KM055559_2005-XX-XX	?	spike	Human	KM055559	2005-XX-XX	China	Asia	China	?	Zhang et al	https://www.ncbi.nlm.nih.gov/nuccore/KM055559	The evolution of human coronavirus 229E	Unpublished	?	no
1424A_2009_KM055560_2009-XX-XX	?	spike	Human	KM055560	2009-XX-XX	China	Asia	China	?	Zhang et al	https://www.ncbi.nlm.nih.gov/nuccore/KM055560	The evolution of human coronavirus 229E	Unpublished	?	no
France_Lille_2014_MH048989_2014-XX-XX	?	spike	Human	MH048989	2014-XX-XX	France	Europe	France	?	Bonnin et al	https://www.ncbi.nlm.nih.gov/nuccore/MH048989	HCoV-229E spike protein fusion activation by trypsin-like serine	J. Gen. Virol. (2018) In press	?	no
229E_Haiti-1_2016_MF542265_2016-03-XX	?	spike	?	MF542265	2016-03-XX	Haiti	North America	Haiti	?	Bonny et al	https://www.ncbi.nlm.nih.gov/nuccore/MF542265	Complete Genome Sequence of Human Coronavirus Strain 229E Isolated	Genome Announc 5 (47), e01313-17 (2017)	https://pubmed.ncbi.nlm.nih.gov/29167251	no
HCoV_229E_Seattle_USA_SC3112_2015_KY983587_2015-XX-XX	?	spike	Human	KY983587	2015-XX-XX	USA	North America	USA	BioProject: PRJNA338014	Greninger et al	https://www.ncbi.nlm.nih.gov/nuccore/KY983587	Genome sequences of viral positives at UW Virology	Unpublished	?	no
HCoV_229E_Seattle_USA_SC379_2016_KY621348_2016-XX-XX	?	spike	Human	KY621348	2016-XX-XX	USA	North America	USA	BioProject: PRJNA338014	Greninger et al	https://www.ncbi.nlm.nih.gov/nuccore/KY621348	Genome sequences of viral positives at UW Virology	Unpublished	?	no
HCoV_229E_Seattle_USA_SC2872_2015_KY967357_2015-XX-XX	?	spike	Human	KY967357	2015-XX-XX	USA	North America	USA	BioProject: PRJNA338014	Greninger et al	https://www.ncbi.nlm.nih.gov/nuccore/KY967357	Genome sequences of viral positives at UW Virology	Unpublished	?	no
HCoV_229E_Seattle_USA_SC399_2016_KY674914_2016-XX-XX	?	spike	Human	KY674914	2016-XX-XX	USA	North America	USA	BioProject: PRJNA338014	Greninger et al	https://www.ncbi.nlm.nih.gov/nuccore/KY674914	Genome sequences of viral positives at UW Virology	Unpublished	?	no
HCoV_229E_Seattle_USA_SC2282_2017_KY684760_2016-XX-XX	?	spike	Human	KY684760	2016-XX-XX	USA	North America	USA	BioProject: PRJNA338014	Greninger et al	https://www.ncbi.nlm.nih.gov/nuccore/KY684760	Genome sequences of viral positives at UW Virology	Unpublished	?	no
HCoV_229E_Seattle_USA_SC579_2016_KY369908_2016-XX-XX	?	spike	Human	KY369908	2016-XX-XX	USA	North America	USA	BioProject: PRJNA338014	Greninger et al	https://www.ncbi.nlm.nih.gov/nuccore/KY369908	Direct Submission	Submitted (16-DEC-2016) Lab Medicine, UW, 1616 Eastlake Avenue,	?	no
HCoV_229E_Seattle_USA_SC677_2016_KY369909_2016-XX-XX	?	spike	Human	KY369909	2016-XX-XX	USA	North America	USA	BioProject: PRJNA338014	Greninger et al	https://www.ncbi.nlm.nih.gov/nuccore/KY369909	Direct Submission	Submitted (16-DEC-2016) Lab Medicine, UW, 1616 Eastlake Avenue,	?	yes
HCoV_229E_Seattle_USA_SC1143_2016_KY369910_2016-XX-XX	?	spike	Human	KY369910	2016-XX-XX	USA	North America	USA	BioProject: PRJNA338014	Greninger et al	https://www.ncbi.nlm.nih.gov/nuccore/KY369910	Direct Submission	Submitted (16-DEC-2016) Lab Medicine, UW, 1616 Eastlake Avenue,	?	no
HCoV_229E_Seattle_USA_SC1212_2016_KY369911_2016-XX-XX	?	spike	Human	KY369911	2016-XX-XX	USA	North America	USA	BioProject: PRJNA338014	Greninger et al	https://www.ncbi.nlm.nih.gov/nuccore/KY369911	Direct Submission	Submitted (16-DEC-2016) Lab Medicine, UW, 1616 Eastlake Avenue,	?	no
HCoV_229E_Seattle_USA_SC9731_2016_KY369912_2016-XX-XX	?	spike	Human	KY369912	2016-XX-XX	USA	North America	USA	BioProject: PRJNA338014	Greninger et al	https://www.ncbi.nlm.nih.gov/nuccore/KY369912	Direct Submission	Submitted (16-DEC-2016) Lab Medicine, UW, 1616 Eastlake Avenue,	?	no
HCoV_229E_Seattle_USA_SC1073_2016_KY369913_2016-XX-XX	?	spike	Human	KY369913	2016-XX-XX	USA	North America	USA	BioProject: PRJNA338014	Greninger et al	https://www.ncbi.nlm.nih.gov/nuccore/KY369913	Direct Submission	Submitted (16-DEC-2016) Lab Medicine, UW, 1616 Eastlake Avenue,	?	no
HCoV_229E_Seattle_USA_SC9773_2016_KY369914_2016-XX-XX	?	spike	Human	KY369914	2016-XX-XX	USA	North America	USA	BioProject: PRJNA338014	Greninger et al	https://www.ncbi.nlm.nih.gov/nuccore/KY369914	Direct Submission	Submitted (17-DEC-2016) Lab Medicine, UW, 1616 Eastlake Avenue,	?	no
HCoV-229E_BN1_GER_2015_KU291448_2015-XX-XX	?	spike	Human	KU291448	2015-XX-XX	Germany	Europe	Germany	?	Corman et al	https://www.ncbi.nlm.nih.gov/nuccore/KU291448	Link of a ubiquitous human coronavirus to dromedary camels	Proc. Natl. Acad. Sci. U.S.A. (2016) In press	https://pubmed.ncbi.nlm.nih.gov/27528677	no
229E_KF285480_2013-10-01	?	spike	Human	KF285480	2013-10-01	Sweden	Europe	Sweden	?	Lundin et al	https://www.ncbi.nlm.nih.gov/nuccore/KF285480	A Novel Inhibitor of Human Coronavirus 229E Infectivity Targeting	Unpublished	?	no
229E_human_USA_892-11_1989_KF514429_1989-02-07	?	spike	Human	KF514429	1989-02-07	USA: Nashville, TN	North America	USA	BioProject: PRJNA260063	Town et al	https://www.ncbi.nlm.nih.gov/nuccore/KF514429	Direct Submission	Submitted (29-JUL-2013) J. Craig Venter Institute, 9704 Medical	?	no
229E_human_USA_933-50_1993_KF514430_1993-03-18	?	spike	Human	KF514430	1993-03-18	USA: Nashville, TN	North America	USA	BioProject: PRJNA260063	Town et al	https://www.ncbi.nlm.nih.gov/nuccore/KF514430	Direct Submission	Submitted (29-JUL-2013) J. Craig Venter Institute, 9704 Medical	?	no
229E_human_USA_953-49_1995_KF514431_1995-03-23	?	spike	Human	KF514431	1995-03-23	USA: Nashville, TN	North America	USA	BioProject: PRJNA260063	Town et al	https://www.ncbi.nlm.nih.gov/nuccore/KF514431	Direct Submission	Submitted (29-JUL-2013) J. Craig Venter Institute, 9704 Medical	?	no
229E_human_USA_932-72_1993_KF514432_1993-02-22	?	spike	Human	KF514432	1993-02-22	USA: Nashville, TN	North America	USA	BioProject: PRJNA260063	Town et al	https://www.ncbi.nlm.nih.gov/nuccore/KF514432	Direct Submission	Submitted (29-JUL-2013) J. Craig Venter Institute, 9704 Medical	?	no
229E_human_USA_933-40_1993_KF514433_1993-03-11	?	spike	Human	KF514433	1993-03-11	USA: Nashville, TN	North America	USA	BioProject: PRJNA260063	Town et al	https://www.ncbi.nlm.nih.gov/nuccore/KF514433	Direct Submission	Submitted (29-JUL-2013) J. Craig Venter Institute, 9704 Medical	?	no
0349_JX503060_2010-XX-XX	?	spike	Human	JX503060	2010-XX-XX	Netherlands	Europe	Netherlands	?	Farsani et al	https://www.ncbi.nlm.nih.gov/nuccore/JX503060	The first complete genome sequences of clinical isolates of human	Virus Genes 45 (3), 433-439 (2012)	https://pubmed.ncbi.nlm.nih.gov/22926811	no
Sendai-H_1121_04_AB691764_2004-XX-XX	?	spike	Human	AB691764	2004-XX-XX	Japan: Miyagi, Sendai	Asia	Japan	?	Shirato et al	https://www.ncbi.nlm.nih.gov/nuccore/AB691764	Differences in neutralizing antigenicity between laboratory and	J Gen Virol 93 (Pt 9), 1908-1917 (2012)	https://pubmed.ncbi.nlm.nih.gov/22673931	no
Sendai-H_826_04_AB691765_2004-XX-XX	?	spike	Human	AB691765	2004-XX-XX	Japan: Miyagi, Sendai	Asia	Japan	?	Shirato et al	https://www.ncbi.nlm.nih.gov/nuccore/AB691765	Differences in neutralizing antigenicity between laboratory and	J Gen Virol 93 (Pt 9), 1908-1917 (2012)	https://pubmed.ncbi.nlm.nih.gov/22673931	no
Sendai-H_1948_04_AB691766_2004-XX-XX	?	spike	Human	AB691766	2004-XX-XX	Japan: Miyagi, Sendai	Asia	Japan	?	Shirato et al	https://www.ncbi.nlm.nih.gov/nuccore/AB691766	Differences in neutralizing antigenicity between laboratory and	J Gen Virol 93 (Pt 9), 1908-1917 (2012)	https://pubmed.ncbi.nlm.nih.gov/22673931	no
Niigata_01_08_AB691767_2008-XX-XX	?	spike	Human	AB691767	2008-XX-XX	Japan: Niigata	Asia	Japan	?	Shirato et al	https://www.ncbi.nlm.nih.gov/nuccore/AB691767	Differences in neutralizing antigenicity between laboratory and	J Gen Virol 93 (Pt 9), 1908-1917 (2012)	https://pubmed.ncbi.nlm.nih.gov/22673931	no
HCoV_229E_N01_GU068546_2007-12-17	?	spike	Human	GU068546	2007-12-17	China:Shanghai	Asia	China	?	Wang et al	https://www.ncbi.nlm.nih.gov/nuccore/GU068546	Highly sensitive monitoring system of causative viruses in acute	Unpublished	?	no
HCoV_229E_N02_GU068547_2008-01-17	?	spike	Human	GU068547	2008-01-17	China:Shanghai	Asia	China	?	Wang et al	https://www.ncbi.nlm.nih.gov/nuccore/GU068547	Highly sensitive monitoring system of causative viruses in acute	Unpublished	?	no
HCoV_229E_N03_GU068548_2008-01-24	?	spike	Human	GU068548	2008-01-24	China:Shanghai	Asia	China	?	Wang et al	https://www.ncbi.nlm.nih.gov/nuccore/GU068548	Highly sensitive monitoring system of causative viruses in acute	Unpublished	?	no
HCoV_229E_N04_GU068549_2008-02-21	?	spike	Human	GU068549	2008-02-21	China:Shanghai	Asia	China	?	Wang et al	https://www.ncbi.nlm.nih.gov/nuccore/GU068549	Highly sensitive monitoring system of causative viruses in acute	Unpublished	?	no
HCoV-229E-11_6_79_DQ243964_2016-07-26	?	spike	Human	DQ243964	2016-07-26	Australia	Oceania	Australia	?	Chibo et al	https://www.ncbi.nlm.nih.gov/nuccore/DQ243964	Analysis of human coronavirus 229E spike and nucleoprotein genes	J. Gen. Virol. 87 (PT 5), 1203-1208 (2006)	https://pubmed.ncbi.nlm.nih.gov/16603522	no
HCoV-229E-16_6_82_DQ243965_2016-07-26	?	spike	Human	DQ243965	2016-07-26	Australia	Oceania	Australia	?	Chibo et al	https://www.ncbi.nlm.nih.gov/nuccore/DQ243965	Analysis of human coronavirus 229E spike and nucleoprotein genes	J. Gen. Virol. 87 (PT 5), 1203-1208 (2006)	https://pubmed.ncbi.nlm.nih.gov/16603522	no
HCoV-229E-22_9_82_DQ243966_2016-07-26	?	spike	Human	DQ243966	2016-07-26	Australia	Oceania	Australia	?	Chibo et al	https://www.ncbi.nlm.nih.gov/nuccore/DQ243966	Analysis of human coronavirus 229E spike and nucleoprotein genes	J. Gen. Virol. 87 (PT 5), 1203-1208 (2006)	https://pubmed.ncbi.nlm.nih.gov/16603522	no
HCoV-229E-6_10_82_DQ243967_2016-07-26	?	spike	Human	DQ243967	2016-07-26	Australia	Oceania	Australia	?	Chibo et al	https://www.ncbi.nlm.nih.gov/nuccore/DQ243967	Analysis of human coronavirus 229E spike and nucleoprotein genes	J. Gen. Virol. 87 (PT 5), 1203-1208 (2006)	https://pubmed.ncbi.nlm.nih.gov/16603522	no
HCoV-229E-21_10_82_DQ243968_2016-07-26	?	spike	Human	DQ243968	2016-07-26	Australia	Oceania	Australia	?	Chibo et al	https://www.ncbi.nlm.nih.gov/nuccore/DQ243968	Analysis of human coronavirus 229E spike and nucleoprotein genes	J. Gen. Virol. 87 (PT 5), 1203-1208 (2006)	https://pubmed.ncbi.nlm.nih.gov/16603522	no
HCoV-229E-8_11_82a_DQ243969_2016-07-26	?	spike	Human	DQ243969	2016-07-26	Australia	Oceania	Australia	?	Chibo et al	https://www.ncbi.nlm.nih.gov/nuccore/DQ243969	Analysis of human coronavirus 229E spike and nucleoprotein genes	J. Gen. Virol. 87 (PT 5), 1203-1208 (2006)	https://pubmed.ncbi.nlm.nih.gov/16603522	no
HCoV-229E-8_11_82b_DQ243970_2016-07-26	?	spike	Human	DQ243970	2016-07-26	Australia	Oceania	Australia	?	Chibo et al	https://www.ncbi.nlm.nih.gov/nuccore/DQ243970	Analysis of human coronavirus 229E spike and nucleoprotein genes	J. Gen. Virol. 87 (PT 5), 1203-1208 (2006)	https://pubmed.ncbi.nlm.nih.gov/16603522	no
HCoV-229E-29_7_84_DQ243971_2016-07-26	?	spike	Human	DQ243971	2016-07-26	Australia	Oceania	Australia	?	Chibo et al	https://www.ncbi.nlm.nih.gov/nuccore/DQ243971	Analysis of human coronavirus 229E spike and nucleoprotein genes	J. Gen. Virol. 87 (PT 5), 1203-1208 (2006)	https://pubmed.ncbi.nlm.nih.gov/16603522	no
HCoV-229E-5_9_84_DQ243972_2016-07-26	?	spike	Human	DQ243972	2016-07-26	Australia	Oceania	Australia	?	Chibo et al	https://www.ncbi.nlm.nih.gov/nuccore/DQ243972	Analysis of human coronavirus 229E spike and nucleoprotein genes	J. Gen. Virol. 87 (PT 5), 1203-1208 (2006)	https://pubmed.ncbi.nlm.nih.gov/16603522	yes
HCoV-229E-24_6_90_DQ243973_2016-07-26	?	spike	Human	DQ243973	2016-07-26	Australia	Oceania	Australia	?	Chibo et al	https://www.ncbi.nlm.nih.gov/nuccore/DQ243973	Analysis of human coronavirus 229E spike and nucleoprotein genes	J. Gen. Virol. 87 (PT 5), 1203-1208 (2006)	https://pubmed.ncbi.nlm.nih.gov/16603522	no
HCoV-229-25_6_92_DQ243974_2016-07-26	?	spike	Human	DQ243974	2016-07-26	Australia	Oceania	Australia	?	Chibo et al	https://www.ncbi.nlm.nih.gov/nuccore/DQ243974	Analysis of human coronavirus 229E spike and nucleoprotein genes	J. Gen. Virol. 87 (PT 5), 1203-1208 (2006)	https://pubmed.ncbi.nlm.nih.gov/16603522	no
HCoV-229E-12_5_92_DQ243975_2016-07-26	?	spike	Human	DQ243975	2016-07-26	Australia	Oceania	Australia	?	Chibo et al	https://www.ncbi.nlm.nih.gov/nuccore/DQ243975	Analysis of human coronavirus 229E spike and nucleoprotein genes	J. Gen. Virol. 87 (PT 5), 1203-1208 (2006)	https://pubmed.ncbi.nlm.nih.gov/16603522	no
HCoV-229E-17_6_92_DQ243976_2016-07-26	?	spike	Human	DQ243976	2016-07-26	Australia	Oceania	Australia	?	Chibo et al	https://www.ncbi.nlm.nih.gov/nuccore/DQ243976	Analysis of human coronavirus 229E spike and nucleoprotein genes	J. Gen. Virol. 87 (PT 5), 1203-1208 (2006)	https://pubmed.ncbi.nlm.nih.gov/16603522	yes
HCoV-229E-8_8_01_DQ243977_2016-07-26	?	spike	Human	DQ243977	2016-07-26	Australia	Oceania	Australia	?	Chibo et al	https://www.ncbi.nlm.nih.gov/nuccore/DQ243977	Analysis of human coronavirus 229E spike and nucleoprotein genes	J. Gen. Virol. 87 (PT 5), 1203-1208 (2006)	https://pubmed.ncbi.nlm.nih.gov/16603522	yes
HCoV-229E-27_8_01_DQ243978_2016-07-26	?	spike	Human	DQ243978	2016-07-26	Australia	Oceania	Australia	?	Chibo et al	https://www.ncbi.nlm.nih.gov/nuccore/DQ243978	Analysis of human coronavirus 229E spike and nucleoprotein genes	J. Gen. Virol. 87 (PT 5), 1203-1208 (2006)	https://pubmed.ncbi.nlm.nih.gov/16603522	no
HCoV-229E-21_6_02_DQ243979_2016-07-26	?	spike	Human	DQ243979	2016-07-26	Australia	Oceania	Australia	?	Chibo et al	https://www.ncbi.nlm.nih.gov/nuccore/DQ243979	Analysis of human coronavirus 229E spike and nucleoprotein genes	J. Gen. Virol. 87 (PT 5), 1203-1208 (2006)	https://pubmed.ncbi.nlm.nih.gov/16603522	no
HCoV-229E-6_1_03_DQ243980_2016-07-26	?	spike	Human	DQ243980	2016-07-26	Australia	Oceania	Australia	?	Chibo et al	https://www.ncbi.nlm.nih.gov/nuccore/DQ243980	Analysis of human coronavirus 229E spike and nucleoprotein genes	J. Gen. Virol. 87 (PT 5), 1203-1208 (2006)	https://pubmed.ncbi.nlm.nih.gov/16603522	no
HCoV-229E-24_4_03_DQ243982_2016-07-26	?	spike	Human	DQ243982	2016-07-26	Australia	Oceania	Australia	?	Chibo et al	https://www.ncbi.nlm.nih.gov/nuccore/DQ243982	Analysis of human coronavirus 229E spike and nucleoprotein genes	J. Gen. Virol. 87 (PT 5), 1203-1208 (2006)	https://pubmed.ncbi.nlm.nih.gov/16603522	no
HCoV-229E-30_7_03_DQ243983_2016-07-26	?	spike	Human	DQ243983	2016-07-26	Australia	Oceania	Australia	?	Chibo et al	https://www.ncbi.nlm.nih.gov/nuccore/DQ243983	Analysis of human coronavirus 229E spike and nucleoprotein genes	J. Gen. Virol. 87 (PT 5), 1203-1208 (2006)	https://pubmed.ncbi.nlm.nih.gov/16603522	no
HCoV-229E-14_8_03_DQ243984_2016-07-26	?	spike	Human	DQ243984	2016-07-26	Australia	Oceania	Australia	?	Chibo et al	https://www.ncbi.nlm.nih.gov/nuccore/DQ243984	Analysis of human coronavirus 229E spike and nucleoprotein genes	J. Gen. Virol. 87 (PT 5), 1203-1208 (2006)	https://pubmed.ncbi.nlm.nih.gov/16603522	no
HCoV-229E-19_8_03_DQ243985_2016-07-26	?	spike	Human	DQ243985	2016-07-26	Australia	Oceania	Australia	?	Chibo et al	https://www.ncbi.nlm.nih.gov/nuccore/DQ243985	Analysis of human coronavirus 229E spike and nucleoprotein genes	J. Gen. Virol. 87 (PT 5), 1203-1208 (2006)	https://pubmed.ncbi.nlm.nih.gov/16603522	no
HCoV-229E-25_8_03_DQ243986_2016-07-26	?	spike	Human	DQ243986	2016-07-26	Australia	Oceania	Australia	?	Chibo et al	https://www.ncbi.nlm.nih.gov/nuccore/DQ243986	Analysis of human coronavirus 229E spike and nucleoprotein genes	J. Gen. Virol. 87 (PT 5), 1203-1208 (2006)	https://pubmed.ncbi.nlm.nih.gov/16603522	no
HCoV-229E-27_1_04_DQ243987_2016-07-26	?	spike	Human	DQ243987	2016-07-26	Australia	Oceania	Australia	?	Chibo et al	https://www.ncbi.nlm.nih.gov/nuccore/DQ243987	Analysis of human coronavirus 229E spike and nucleoprotein genes	J. Gen. Virol. 87 (PT 5), 1203-1208 (2006)	https://pubmed.ncbi.nlm.nih.gov/16603522	no
B10_AY386379_2016-07-25	?	spike	Human	AY386379	2016-07-25	?	?	?	?	Breslin et al	https://www.ncbi.nlm.nih.gov/nuccore/AY386379	Comparison of the Amino Acid Sequences of HCoV-229E Spike	Unpublished	?	no
29NSD2_AY386380_2016-07-25	?	spike	Human	AY386380	2016-07-25	?	?	?	?	Breslin et al	https://www.ncbi.nlm.nih.gov/nuccore/AY386380	Comparison of the Amino Acid Sequences of HCoV-229E Spike	Unpublished	?	no
40NSD2_AY386381_2016-07-25	?	spike	Human	AY386381	2016-07-25	?	?	?	?	Breslin et al	https://www.ncbi.nlm.nih.gov/nuccore/AY386381	Comparison of the Amino Acid Sequences of HCoV-229E Spike	Unpublished	?	no
18D2NS_AY386382_2016-07-25	?	spike	Human	AY386382	2016-07-25	?	?	?	?	Breslin et al	https://www.ncbi.nlm.nih.gov/nuccore/AY386382	Comparison of the Amino Acid Sequences of HCoV-229E Spike	Unpublished	?	no
1048_AY386383_2016-07-25	?	spike	Human	AY386383	2016-07-25	?	?	?	?	Breslin et al	https://www.ncbi.nlm.nih.gov/nuccore/AY386383	Comparison of the Amino Acid Sequences of HCoV-229E Spike	Unpublished	?	no
1623_AY386384_2016-07-25	?	spike	Human	AY386384	2016-07-25	?	?	?	?	Breslin et al	https://www.ncbi.nlm.nih.gov/nuccore/AY386384	Comparison of the Amino Acid Sequences of HCoV-229E Spike	Unpublished	?	no
1027_AY386385_2016-07-25	?	spike	Human	AY386385	2016-07-25	?	?	?	?	Breslin et al	https://www.ncbi.nlm.nih.gov/nuccore/AY386385	Comparison of the Amino Acid Sequences of HCoV-229E Spike	Unpublished	?	no
13-4_AY386386_2016-07-25	?	spike	Human	AY386386	2016-07-25	?	?	?	?	Breslin et al	https://www.ncbi.nlm.nih.gov/nuccore/AY386386	Comparison of the Amino Acid Sequences of HCoV-229E Spike	Unpublished	?	no
1-26_AY386387_2016-07-25	?	spike	Human	AY386387	2016-07-25	?	?	?	?	Breslin et al	https://www.ncbi.nlm.nih.gov/nuccore/AY386387	Comparison of the Amino Acid Sequences of HCoV-229E Spike	Unpublished	?	no
29NSD4_AY386388_2016-07-25	?	spike	Human	AY386388	2016-07-25	?	?	?	?	Breslin et al	https://www.ncbi.nlm.nih.gov/nuccore/AY386388	Comparison of the Amino Acid Sequences of HCoV-229E Spike	Unpublished	?	no
1610_AY386389_2016-07-25	?	spike	Human	AY386389	2016-07-25	?	?	?	?	Breslin et al	https://www.ncbi.nlm.nih.gov/nuccore/AY386389	Comparison of the Amino Acid Sequences of HCoV-229E Spike	Unpublished	?	no
862_AY386390_2016-07-25	?	spike	Human	AY386390	2016-07-25	?	?	?	?	Breslin et al	https://www.ncbi.nlm.nih.gov/nuccore/AY386390	Comparison of the Amino Acid Sequences of HCoV-229E Spike	Unpublished	?	no
879_AY386391_2016-07-25	?	spike	Human	AY386391	2016-07-25	?	?	?	?	Breslin et al	https://www.ncbi.nlm.nih.gov/nuccore/AY386391	Comparison of the Amino Acid Sequences of HCoV-229E Spike	Unpublished	?	no
13-18_AY386392_2016-07-25	?	spike	Human	AY386392	2016-07-25	?	?	?	?	Breslin et al	https://www.ncbi.nlm.nih.gov/nuccore/AY386392	Comparison of the Amino Acid Sequences of HCoV-229E Spike	Unpublished	?	no
865_AY386393_2016-07-25	?	spike	Human	AY386393	2016-07-25	?	?	?	?	Breslin et al	https://www.ncbi.nlm.nih.gov/nuccore/AY386393	Comparison of the Amino Acid Sequences of HCoV-229E Spike	Unpublished	?	no
B18_AY386394_2016-07-25	?	spike	Human	AY386394	2016-07-25	?	?	?	?	Breslin et al	https://www.ncbi.nlm.nih.gov/nuccore/AY386394	Comparison of the Amino Acid Sequences of HCoV-229E Spike	Unpublished	?	no
102NSD2_AY386395_2016-07-25	?	spike	Human	AY386395	2016-07-25	?	?	?	?	Breslin et al	https://www.ncbi.nlm.nih.gov/nuccore/AY386395	Comparison of the Amino Acid Sequences of HCoV-229E Spike	Unpublished	?	no
A162_Y10051_2016-07-26	?	spike	Human	Y10051	2016-07-26	?	?	?	?	Hays et al	https://www.ncbi.nlm.nih.gov/nuccore/Y10051	The molecular epidemiology of the spike gene of human coronaviruses	Unpublished	?	no
LRI_281_Y10052_2016-07-26	?	spike	Human	Y10052	2016-07-26	?	?	?	?	Hays et al	https://www.ncbi.nlm.nih.gov/nuccore/Y10052	The molecular epidemiology of the spike gene of human coronaviruses	Unpublished	?	no
